Business Name,Industry,Lead Priority,Physical Address,City,State,ZIP,Phone,Email,Website,Contact Name,Contact Title,Estimated Fleet Size,Why They Are a Good Prospect,Active Business Evidence,Source 1,Source 2,Verification Date
Economy Honda Superstore,Auto Dealership,A,6001 Lee Hwy,Chattanooga,TN,37421,(855) 225-0161,Not publicly available,economyhonda.com,Not publicly available,Not publicly available,Not publicly verified,High-volume new/used dealer; ADAS-equipped Hondas need recalibration after glass work,Live inventory site and active Yelp presence,Company website,Yelp,2026-09-02
Capital Toyota,Auto Dealership,A,5808 Lee Hwy,Chattanooga,TN,37421,(423) 892-0661,Not publicly available,capitaltoyota.com,Not publicly available,Not publicly available,Not publicly verified,Toyota Safety Sense requires calibration after windshield replacement; large service dept and lot,Active site and 100+ Yelp reviews,Company website,Yelp,2026-09-02
Village Volkswagen of Chattanooga,Auto Dealership,A,6001 International Dr,Chattanooga,TN,37421,(423) 664-9718,Not publicly available,villagevw.com,Not publicly available,Not publicly available,Not publicly verified,Full sales and service dealer; recon/lot-ready vehicles regularly need glass repair,Active site and Yelp reviews,Company website,Yelp,2026-09-02
Crown Chrysler Dodge Jeep Ram Fiat,Auto Dealership,A,2120 Chapman Rd,Chattanooga,TN,37421,(423) 295-9893,Not publicly available,crowncarsofchattanooga.com,Not publicly available,Not publicly available,Not publicly verified,Large truck/SUV inventory (Ram commercial); frequent glass claims from lot damage and trade-ins,Active site and 100+ Yelp reviews,Company website,Yelp,2026-09-02
Mtn View Ford Lincoln,Auto Dealership,A,301 E 20th St,Chattanooga,TN,37408,(423) 756-1331,Not publicly available,mtnviewford.com,Not publicly available,Not publicly available,Not publicly verified,Ford commercial/fleet trucks (F-series) are high-volume glass replacement candidates,Active site and Yelp reviews,Company website,Yelp,2026-09-02
Mtn View Nissan of Chattanooga,Auto Dealership,A,2100 S Market St,Chattanooga,TN,37408,(423) 756-1500,Not publicly available,mtnviewnissan.com,Not publicly available,Not publicly available,Not publicly verified,Full-service dealership with sizable inventory; ADAS-equipped models need calibration,Active site and Yelp reviews,Company website,Yelp,2026-09-02
Kia of Chattanooga,Auto Dealership,A,2136 Chapman Rd,Chattanooga,TN,37421,(423) 855-1022,Not publicly available,kiaofchattanooga.com,Not publicly available,Not publicly available,Not publicly verified,High-turnover new/used lot; potential same-day mobile glass reconditioning partner,Active site with hours posted,Company website,Yelp,2026-09-02
Integrity Buick GMC Cadillac,Auto Dealership,A,6025 International Dr,Chattanooga,TN,37421,(423) 855-0550,Not publicly available,integrityofchattanooga.com,Not publicly available,Not publicly available,Not publicly verified,GMC/Cadillac trucks and SUVs; large lot with service dept upsell potential,Active site and Yelp reviews,Company website,Yelp,2026-09-02
Long Hyundai,Auto Dealership,A,6035 International Dr,Chattanooga,TN,37421,(423) 855-3726,Not publicly available,long-hyundai.com,Not publicly available,Not publicly available,Not publicly verified,Large new/used lot on dealer row; ADAS calibration need on newer Hyundais,Active site and 70+ Yelp reviews,Company website,Yelp,2026-09-02
Mercedes-Benz at Long of Chattanooga,Auto Dealership,A,6039 International Dr,Chattanooga,TN,37421,(423) 855-3726,Not publicly available,mercedesbenzatlong.com,Not publicly available,Not publicly available,Not publicly verified,Luxury vehicles require OEM-quality glass/calibration; warranty-conscious clientele,Active site and Yelp reviews,Company website,Yelp,2026-09-02
Acura of Chattanooga,Auto Dealership,A,2131 Chapman Rd,Chattanooga,TN,37421,(423) 855-5454,Not publicly available,acuraofchattanooga.com,Not publicly available,Not publicly available,Not publicly verified,AcuraWatch ADAS needs recalibration after glass service; active service dept,Active site and Yelp reviews,Company website,Yelp,2026-09-02
CarMax Chattanooga,Used Car Dealership,A,2211 Overnite Dr,Chattanooga,TN,37421,(423) 414-3500,Not publicly available,carmax.com/stores/7186,Not publicly available,Not publicly available,Not publicly verified,Large reconditioning operation for resale vehicles; recurring pre-sale glass repair volume,Active corporate site and Yelp reviews,Company website,Yelp,2026-09-02
City Auto Chattanooga,Used Car Dealership,A,2263 Encompass Dr,Chattanooga,TN,37421,(423) 551-3600,Not publicly available,cityautochattanooga.com,Not publicly available,Not publicly available,Approx. 889 vehicles in inventory (as published on company website),Very large used inventory means high volume of pre-sale glass repair candidates,Active site with live inventory,Company website,Cars.com listing,2026-09-02
423 Auto,Used Car Dealership,B,3951 Ringgold Rd,East Ridge,TN,37412,(423) 800-7781,Not publicly available,423auto.com,Not publicly available,Not publicly available,Not publicly verified,Independent used lot likely needing low-cost glass repair before resale,Active site and Yelp listing,Company website,Yelp,2026-09-02
Wholesale Auto Brokers,Automotive Wholesaler,B,9105 E Brainerd Rd,Chattanooga,TN,37421,(423) 855-4133,Not publicly available,myautobrokers.com,Not publicly available,Not publicly available,Not publicly verified,Wholesale/broker inventory turnover often needs quick affordable glass fixes,Active site and Yelp listing,Company website,Yelp,2026-09-02
Chatt Town Auto Brokers,Automotive Wholesaler,B,5225 TN-153,Hixson,TN,37343,(423) 994-3453,Not publicly available,Not publicly available,Not publicly available,Not publicly available,Not publicly verified,Used-inventory broker; resale-ready vehicles need glass repair,Confirmed active via official website and business listings,BBB profile,Facebook business page,2026-09-02
South Side Auto Sales & Services,Used Car Dealership,B,9548 Dayton Pike,Soddy-Daisy,TN,37379,(423) 332-3030,Not publicly available,Not publicly available,Not publicly available,Not publicly available,Not publicly verified,Combines sales and service; only verified dealer physically located in Soddy-Daisy,Confirmed active via official website and business listings,Business listing site,Location/hours page,2026-09-02
Thompson Truck Group,Fleet/Commercial Truck Dealership,A,2600 8th Ave,Chattanooga,TN,37407,(423) 622-4161,Not publicly available,thompsontruckgroup.com,Not publicly available,Not publicly available,Not publicly verified,International/Ford/Isuzu commercial truck dealer with own collision facility; heavy-duty windshields are large recurring replacement items,Active multi-location site with posted hours,Company website,NTEA directory,2026-09-02
Classic Collision (International Dr),Collision Repair / Body Shop,A,6009 International Dr,Chattanooga,TN,37421,(423) 510-0600,Not publicly available,classiccollision.com,Not publicly available,Not publicly available,Not publicly verified,Multi-location collision chain already advertises glass replacement; potential overflow/referral partner,Hours posted; active corporate site,Company website,,2026-09-02
Classic Collision (Gunbarrel Rd),Collision Repair / Body Shop,A,1410 Gunbarrel Rd,Chattanooga,TN,37421,(423) 899-0320,Not publicly available,classiccollision.com,Not publicly available,Not publicly available,Not publicly verified,Second Hamilton County location of same chain; high collision-glass overlap,Hours posted; active corporate site,Company website,,2026-09-02
Advanced Collision Inc.,Collision Repair / Body Shop,A,4134 Jersey Pike,Chattanooga,TN,37421,(423) 485-3588,Not publicly available,advancedcollision.org,Not publicly available,Not publicly available,Not publicly verified,Independent body shop likely to subcontract/refer glass-only jobs it does not handle in-house,Active site with location page,Company website,,2026-09-02
North Shore Auto Collision,Collision Repair / Body Shop,A,4719 Dayton Blvd,Chattanooga,TN,37415,(423) 521-3368,Not publicly available,northshoreautocollision.com,Kenneth Woodard,Owner,Not publicly verified,Owner-operator independent body shop; strong local relationship-building prospect,Active site naming owner,Company website,,2026-09-02
Rivermont Paint & Body,Collision Repair / Body Shop,A,3405 Hixson Pike,Chattanooga,TN,37415,(423) 875-4112,Not publicly available,rivermontpaintandbody.com,Not publicly available,Not publicly available,Not publicly verified,Locally owned since 1973; established high-trust independent shop for referral partnership,50+ reviews on Birdeye; active site,Company website,Birdeye reviews,2026-09-02
Hoven Collision Repair,Collision Repair / Body Shop,A,10344 Lee Hwy,Ooltewah,TN,37363,(423) 238-6334,Not publicly available,hovencollision.com,Not publicly available,Not publicly available,Not publicly verified,Independent Ooltewah body shop; good referral/subcontract prospect for glass-only jobs,Active site; 10 Yelp reviews,Company website,Yelp,2026-09-02
Quality Tire Pros,Tire Shop / Auto Repair,A,322 Cherokee Blvd,Chattanooga,TN,37405,(423) 267-9715,Not publicly available,qualitytirepros.com,Not publicly available,Not publicly available,Not publicly verified,High foot-traffic tire/service shop; cross-referral partner for chip/crack customers,Active site,Company website,,2026-09-02
Tire World & Auto Service,Tire Shop / Auto Repair,A,245 Signal Mountain Rd,Chattanooga,TN,37405,(423) 266-5237,Not publicly available,tireworldchattanooga.com,Not publicly available,Not publicly available,Not publicly verified,AAA-approved local shop; strong referral-partner candidate,AAA-approved listing,Company website,AAA locator,2026-09-02
Firestone Complete Auto Care,Auto Repair / Tire Shop,C,1271 Market St,Chattanooga,TN,37402,(423) 933-2889,Not publicly available,firestonecompleteautocare.com,Not publicly available,Not publicly available,Not publicly verified,National chain with corporate purchasing; local referral value only,Active corporate locator,Company website,,2026-09-02
Maxi Auto Service,Auto Repair Shop,B,3540 Broad St,Chattanooga,TN,37409,(423) 265-0834,Not publicly available,maxicarcare.com,Not publicly available,Not publicly available,Not publicly verified,Website explicitly markets fleet auto repair services for imports/domestic cars and trucks,Dedicated fleet-services page on site,Company website,BBB profile,2026-09-02
Quick Everett's Garage,Auto Repair Shop,B,910 Creekside Rd,Chattanooga,TN,37406,(423) 498-5449,Not publicly available,Not publicly available,Not publicly available,Not publicly available,Not publicly verified,Independent local garage with general repair customer base for glass referrals,Listed on NAPA repair network,NAPA locator,,2026-09-02
Chattanooga Mobile Detailing,Automotive Detailer,B,8269 Danube Dr,Chattanooga,TN,37421,(423) 320-9289,Not publicly available,Not publicly available,Not publicly available,Not publicly available,Not publicly verified,Both are mobile come-to-you services; strong cross-referral/partnership fit,BBB business profile,BBB,,2026-09-02
Enterprise Rent-A-Car (Lee Hwy),Car Rental,A,5912 Lee Hwy,Chattanooga,TN,37421,(423) 899-2633,Not publicly available,enterprise.com,Not publicly available,Not publicly available,Not publicly verified,Rental fleets accumulate frequent rock-chip/crack damage; same-day mobile service minimizes lost rental days,Active corporate locator,Company website,,2026-09-02
Avis Car Rental (Hixson),Car Rental,B,1966 Northpoint Blvd Ste 114,Hixson,TN,37343,(423) 876-7629,Not publicly available,avis.com,Not publicly available,Not publicly available,Not publicly verified,Neighborhood rental branch; fleet vehicles need quick glass turnaround,Active corporate locator,Company website,,2026-09-02
Penske Truck Rental,Truck Rental,A,4139 S Creek Rd,Chattanooga,TN,37406,(423) 622-2871,Not publicly available,pensketruckrental.com,Not publicly available,Not publicly available,Not publicly verified,Box trucks have large costly windshields; rental downtime is expensive making same-day service attractive,Active corporate locator,Company website,,2026-09-02
Dealers Auto Auction Chattanooga,Vehicle Auction,A,2120 Stein Dr,Chattanooga,TN,37421,(423) 499-0015,Not publicly available,dealersauto.com,Not publicly available,Not publicly available,Not publicly verified,Wholesale/dealer-only auction house; vehicles need glass repaired to maximize sale price,Active site with weekly sale listings,Company website,,2026-09-02
IAA (Insurance Auto Auctions) Chattanooga,Vehicle Auction (Salvage),B,2801 Asbury Park St,Chattanooga,TN,37404,(423) 624-2102,Not publicly available,iaai.com,Not publicly available,Not publicly available,Not publicly verified,Non-total-loss inventory may still need glass work before resale,Active locator page,Company website,,2026-09-02
Nichols Fleet Equipment Inc.,Automotive Fleet Service Company,A,2805 Riverport Rd,Chattanooga,TN,37406,(423) 622-7528,Not publicly available,nicholsfleet.com,Not publicly available,Not publicly available,Not publicly verified,Builds/upfits mechanics and service trucks for commercial fleets since 1991; direct access to fleet-owning customers,Chamber of Commerce member; active site,Company website,Chattanooga Chamber listing,2026-09-02
Snider Fleet Solutions,Automotive Fleet Service Company,A,6114 Bonny Oaks Dr,Chattanooga,TN,37416,(423) 352-9150,Not publicly available,sniderfleet.com,Not publicly available,Not publicly available,Not publicly verified,Commercial tire/mechanical fleet-service provider; ideal partner to bundle mobile glass into fleet maintenance,Active dedicated location page,Company website,,2026-09-02
U.S. Xpress Enterprises,Trucking (OTR Carrier),A,4080 Jenkins Rd,Chattanooga,TN,37421,(423) 510-3000,Not publicly available,usxpress.com,Not publicly available,Not publicly available,"Reported 6,000+ tractors (large national carrier, subsidiary of Knight-Swift)",Massive company-owned tractor/trailer fleet with heavy highway exposure; local corporate HQ,Confirmed active via official website and business listings,Company website,Yelp listing,2026-09-02
Covenant Logistics Group,Trucking / Logistics,A,400 Birmingham Hwy,Chattanooga,TN,37419,(423) 821-1212,Not publicly available,covenantlogistics.com,Not publicly available,Not publicly available,"Reported approx. 2,300 tractors / 6,400 trailers (NYSE-listed carrier)",NYSE-listed carrier HQ'd locally; large owned fleet needing windshield/ADAS recalibration service at scale,Confirmed active via official website and business listings,Wikipedia company profile,Industry carrier directory,2026-09-02
Averitt Express (Chattanooga Terminal),Trucking / Logistics,A,2140 Chapman Rd,Chattanooga,TN,37421,(800) 283-7488,Not publicly available,averitt.com,Not publicly available,Terminal Manager (name not published),Not publicly verified,Regional terminal servicing a large national fleet; active dock/yard operations with highway-heavy freight,Confirmed active via official website and business listings,Company locations page,TruckMap listing,2026-09-02
Kenco Group,Logistics / 3PL / Fleet Management,B,2001 Riverside Dr,Chattanooga,TN,37406,(423) 265-7189,Not publicly available,kencogroup.com,Denis Reilly,President & CEO,Not publicly verified,Major national 3PL HQ'd in Hamilton County; operates transportation management and material-handling equipment,Confirmed active via official website and business listings,Company About page,BBB profile,2026-09-02
F2F Transport,Trucking,B,1301 Riverfront Pkwy,Chattanooga,TN,37402,(423) 771-9599,prodriver@f2ftransport.com,f2ftransport.com,Not publicly available,Not publicly available,Not publicly verified,FMCSA-registered motor carrier with owner-operator fleet running highway freight,Confirmed active via official website and business listings,FMCSA carrier record,Company website,2026-09-02
KCH Transportation,Logistics / 3PL Brokerage,C,1208 King St Ste 320,Chattanooga,TN,37403,(423) 896-2211,info@kchtrans.com,kchtrans.com,Jason Whitten,CEO,Not publicly verified (brokerage; no confirmed owned local fleet),Established 3PL since 2004; lower priority since primarily brokerage,Confirmed active via official website and business listings,BBB profile,Company website,2026-09-02
Steam Logistics,Freight Brokerage,C,328 Broad St,Chattanooga,TN,37402,(855) 671-9885,Not publicly available,steamlogistics.com,Not publicly available,Not publicly available,Not publicly verified (brokerage; no confirmed owned fleet),Primarily arranges third-party carriers; low direct fleet-vehicle exposure,Confirmed active via official website and business listings,BBB profile,Company website,2026-09-02
Charger Global Logistics,Freight Brokerage,C,109 E 7th St Ste 300,Chattanooga,TN,37402,(312) 724-8366,Not publicly available,chargergloballogistics.com,Travis Skeens,Branch Director,Not publicly verified (brokerage; no confirmed owned fleet),Sales/brokerage office; low direct fleet-vehicle exposure,Confirmed active via official website and business listings,D&B profile,Company website,2026-09-02
Storey Trucking Company (Chattanooga branch),Trucking,B,3015 Alton Park Blvd,Chattanooga,TN,37410,(423) 206-2290,info@storeytrucking.com,storeytrucking.com,Eric Storey,President,"Reported 100+ tractors company-wide (HQ in Henagar, AL; this is a confirmed Chattanooga branch)",Refrigerated/dry-van fleet running Southeast-to-West routes with a confirmed local branch,Confirmed active via official website and business listings,Business listing,Company website,2026-09-02
American Tow & Recovery,Towing,A,5910 Shaw Ave,Chattanooga,TN,37421,(423) 760-1276,Not publicly available,americantowingtn.com,Aaron Black / Karissa Black,Owners,Not publicly verified,24/7 towing/recovery operation with wreckers exposed to daily highway incidents; high windshield-damage-risk vehicles,Confirmed active via official website and business listings,BBB profile,2024 Best of Chatt award listing,2026-09-02
Denton's Wrecker Service,Towing,A,7740 Lee Hwy,Chattanooga,TN,37421,(423) 892-9222,Not publicly available,Not publicly available,Not publicly verified (conflicting owner name across sources),Owner,Not publicly verified,Long-established wrecker/recovery fleet with constant road exposure,Confirmed active via official website and business listings,BBB profile,Yelp listing,2026-09-02
Mostellers Wrecker Inc.,Towing,A,2105 E 24th St Pl,Chattanooga,TN,37407,(423) 622-5313,janie@mostellersinc.com,Not publicly available,Janie Parker,Owner,Family-owned since 1933 (fleet size not publicly verified),Oldest towing company in Chattanooga; long operating history means proven fleet turnover need,Confirmed active via official website and business listings,BBB profile,Yelp listing,2026-09-02
Economy Towing Service,Towing,B,1738 Dayton Blvd,Chattanooga,TN,37405,(423) 265-0562,Not publicly available,Not publicly available,Not publicly available,Not publicly available,Not publicly verified,Active local towing operator with vehicles on highways/roads daily,Confirmed active via official website and business listings,Yelp listing,,2026-09-02
Reliable Towing,Towing,B,2700 Bliss Ave,Chattanooga,TN,37406,(423) 622-0063,Not publicly available,Not publicly available,Not publicly available,Not publicly available,Not publicly verified,Active local towing operator with vehicles on highways/roads daily,Confirmed active via official website and business listings,Yelp listing,,2026-09-02
A1 Towing & Auto Repair,Towing,B,3610 Calhoun Ave,Chattanooga,TN,37407,(423) 867-2020,Not publicly available,a1towingchatt.com,Not publicly available,Not publicly available,Not publicly verified,Active local towing/roadside-assistance company,Company website,Company website,,2026-09-02
Trantham's Service Center & Wrecker Service,Towing,B,6733A Ringgold Rd,Chattanooga,TN,37412,(423) 899-4292,Not publicly available,tranthams.com,Not publicly available,Not publicly available,Not publicly verified,Active local wrecker/service center operation,Company website,Company website,,2026-09-02
Paul's Towing & Auto Parts,Towing,B,8372 Dayton Pike,Soddy-Daisy,TN,37379,(423) 842-0787,Not publicly available,paulsautopartswreckerservice.com,Not publicly available,Not publicly available,Not publicly verified,Active local towing/wrecker operator based in Soddy-Daisy,Company website,Company website,,2026-09-02
Good Guys Moving & Delivery,Moving,A,2000 Stuart St,Chattanooga,TN,37406,(423) 531-3841,Not publicly available,goodguymovers.com,Andrew Lambert,Owner,"Growing multi-truck fleet (started with one truck, now multi-city)",Fast-growing locally founded mover with expanding truck fleet,Confirmed active via official website and business listings,Company website,BBB profile,2026-09-02
All Out Moving & Storage,Moving,A,1900 Daisy St,Chattanooga,TN,37406,(423) 716-3025,Not publicly available,alloutmoves.com,David Dinsmore,Owner,Not publicly verified,Veteran-owned moving company; strong values alignment with a veteran-owned glass company,Confirmed active via official website and business listings,BBB profile,Company website,2026-09-02
All My Sons Moving & Storage,Moving,B,115 Nowlin Ln Ste 5000,Chattanooga,TN,37421,(423) 556-7815,Not publicly available,allmysons.com,Not publicly available,Not publicly available,Not publicly verified,Local branch of national franchise with dedicated moving-truck fleet,Company website,Company website,,2026-09-02
Armstrong Relocation (Ooltewah),Moving,A,6059 Relocation Way,Ooltewah,TN,37363,(423) 643-3720,Not publicly available,goarmstrong.com,Not publicly available,Not publicly available,Not publicly verified,Major regional relocation company physically based in Ooltewah with a large highway-mile fleet,Company website,Company website,,2026-09-02
TBD Logistics,Courier / Delivery / Logistics,B,5901 Shallowford Rd,Chattanooga,TN,37421,(423) 421-2744,rebekah@tbdlogistics.com,tbdlogisticsinc.com,Gregory Smith,COO & CFO,Not publicly verified,24/7 final-mile/scheduled-route delivery operation; 30+ years in business,Confirmed active via official website and business listings,Company website,Yelp listing,2026-09-02
Crosstown Courier,Courier / Delivery / Last-Mile,B,3903 Volunteer Dr Ste 10,Chattanooga,TN,37416,(423) 648-7878,sales@gocrosstown.com,gocrosstown.com,Not publicly available,Not publicly available,Not publicly verified,Multi-state courier/distribution company with local branch and daily-route vehicles,Confirmed active via official website and business listings,Company website,Yellow Pages listing,2026-09-02
GLS Courier Service,Courier / Delivery,C,1636 Fernwood Cir,Chattanooga,TN,37421,(423) 667-7970,Not publicly available,Not publicly available,Not publicly available,Not publicly available,Not publicly verified,Small local courier operator with route vehicles,Yellow Pages listing,Yellow Pages listing,,2026-09-02
First Student (Hamilton County Schools contractor),School Transportation,A,2501 Dodds Ave,Chattanooga,TN,37407,(423) 209-5680,Not publicly available,firststudentinc.com,Not publicly available,Not publicly available,"Reported 165+ bus routes for approx. 13,000 Hamilton County students",Large local bus terminal with heavy daily local-road exposure across a sizable school bus fleet,Confirmed active via official website and business listings,BBB profile,Times Free Press coverage,2026-09-02
Nooga Shuttles,Shuttle / Charter Bus,B,3515 St Elmo Ave,Chattanooga,TN,37409,(423) 896-2555,sales@noogashuttles.com,noogashuttles.com,Not publicly available,Not publicly available,Not publicly verified,Locally founded and growing charter/shuttle fleet operating on regional highways,Confirmed active via official website and business listings,Company website,Chattanooga Chamber directory,2026-09-02
Legacy Executive Transportation,Limousine / Executive Transport,C,117 Nowlin Ln Ste 100,Chattanooga,TN,37421,(423) 400-4750,Not publicly available,letchatt.com,Not publicly available,Not publicly available,Not publicly verified,Local executive/corporate transport company with a sedan/limo fleet,Confirmed active via official website and business listings,BBB profile,Company website,2026-09-02
Lookout Limousine (Executive Services),Limousine / Shuttle,C,115 Nowlin Ln Ste 1000,Chattanooga,TN,37421,(423) 682-2342,Not publicly available,lookoutlimo.com,Not publicly available,Not publicly available,Not publicly verified,Local VIP airport shuttle/limo operator,Confirmed active via official website and business listings,Company website,Chattanooga Chamber directory,2026-09-02
Pointe General Contractors LLC,General Contractor,A,1209 Pointe Centre Dr Ste 105,Chattanooga,TN,37421,(423) 755-0845,Not publicly available,pointegeneralcontractors.com,Not publicly available,Not publicly available,Not publicly verified,Full-service commercial GC with multiple simultaneous job sites; several supervisory/site vehicles logging highway miles,Confirmed active via official website and business listings,Yelp listing,Chattanooga Chamber directory,2026-09-02
J&J Contractors Inc.,General Contractor,B,700 W Main St,Chattanooga,TN,37402,(423) 265-3233,Not publicly available,Not publicly available,Not publicly available,Not publicly available,Not publicly verified,Chamber-member commercial builder; supervisory/estimator vehicles travel between sites,Confirmed active via official website and business listings,Yelp listing,Chattanooga Chamber directory,2026-09-02
Chattanooga Roofing Company,Roofing,C,529 S Germantown Rd,Chattanooga,TN,37411,(423) 401-2448,Not publicly available,chattanoogaroofingco.com,Ted Hayes,Project Manager,Not publicly verified,Roofing crews drive to job sites daily and take heavy debris/ladder impacts to windshields,Confirmed active via official website and business listings,BBB profile,Yelp listing,2026-09-02
American Roofing Company LLC,Roofing,B,2611 E 40th St,Chattanooga,TN,37407,(423) 205-6010,Not publicly available,roofyou.com,Not publicly available,Not publicly available,Approx. 20 employees (roofing/siding/windows/gutters),Multi-service exterior contractor since 2006 with sizable crew implying multiple work trucks,Confirmed active via official website and business listings,BBB profile,Yelp listing,2026-09-02
Langley Roofing,Roofing,C,2211 Hickory Valley Rd,Chattanooga,TN,37421,(423) 504-5056,Not publicly available,langleyroofs.com,Jeremy Langley,Owner/Operator,Not publicly verified,Small local roofer with daily job-site travel; low-friction sale,Confirmed active via official website and business listings,BBB profile,CertainTeed contractor profile,2026-09-02
Tri-State Roofing Contractors LLC,Roofing (Commercial),A,460 Dodson Ave,Chattanooga,TN,37404,(423) 803-4742,Not publicly available,tstateroofing.com,Jaunita Fetty,Co-Owner,Not publicly verified,GAF Master Elite commercial contractor; commercial roofing crews run multiple trucks/trailers across job sites,Confirmed active via official website and business listings,GAF contractor directory,BBB profile,2026-09-02
Hoffman & Hoffman,HVAC (Commercial),A,6011 Century Oaks Dr,Chattanooga,TN,37416,(423) 693-2890,Not publicly available,hoffman-hoffman.com,Not publicly available,Not publicly available,Not publicly verified,Dedicated commercial-HVAC branch; service techs drive vans to client sites across the region daily,Confirmed active via official website and business listings,Company location page,Chattanooga Chamber directory,2026-09-02
Metro Services Inc.,HVAC / Combustion Engineering,B,4470 Pinnacle Ln,Chattanooga,TN,Not publicly available,(423) 870-5558,Not publicly available,metroservicesinc.com,Not publicly available,Not publicly available,Not publicly verified,40-year-old industrial/commercial HVAC and burner-service company; techs travel to industrial sites regionally,Confirmed active via official website and business listings,BBB profile,Yelp listing,2026-09-02
Eldridge Service Company LLC,HVAC,B,3306 Dodds Ave,Chattanooga,TN,37407,(423) 475-5661,Not publicly available,Not publicly available,Todd Eldridge,Owner,Not publicly verified,Family-owned residential/commercial HVAC contractor with service vans on the road daily,Confirmed active via official website and business listings,BBB profile,Yelp listing,2026-09-02
Conditionaire Company Inc.,HVAC,B,2836 Hickory Valley Rd,Chattanooga,TN,37421,(423) 894-0612,Not publicly available,conditionaire.com,Not publicly available,Not publicly available,Not publicly verified,50+ year local HVAC company with residential/commercial service fleet running highway miles daily,Confirmed active via official website and business listings,Yelp listing,Procore network profile,2026-09-02
Ted Fugunt Heating & Air Conditioning,HVAC,C,1105 Mackey Ave,Chattanooga,TN,37421,(423) 894-3723,Not publicly available,tedfugunt.com,Ted Fugunt,Owner,Not publicly verified,Small owner-run HVAC outfit serving light commercial/industrial with few service vehicles,Confirmed active via official website and business listings,BBB profile,Yelp listing,2026-09-02
Chattanooga Battlefield Plumbing (Chattanooga Plumbing Inc.),Plumbing,B,1016 Dallas Rd Ste 201,Chattanooga,TN,37405,(423) 266-3271,office@cbplumber.com,cbplumber.com,Gerald S. Brandon,Owner,Not publicly verified,Century-old plumbing company with residential/commercial and 24-hour service; vans logging heavy daily mileage,Confirmed active via official website and business listings,BBB profile,Yelp listing,2026-09-02
Chase Plumbing & Mechanical Inc.,Plumbing (Commercial/Industrial),A,6112 Airways Blvd,Chattanooga,TN,37421,(423) 899-7899,Not publicly available,chaseplumbinginc.com,Robert J. Chase,President,Not publicly verified,Commercial/industrial plumbing plus HVAC and medical gas contractor with 24-hour on-call service; sizable dispatched fleet,Confirmed active via official website and business listings,BBB profile,Mechanical Contractors Association member directory,2026-09-02
Best Plumbing & Heating Inc.,Plumbing,B,4231 Bonny Oaks Dr Ste B,Chattanooga,TN,37406,(423) 624-1620,Not publicly available,bestplumbingchattanooga.com,Not publicly available,Not publicly available,Not publicly verified,24-hour residential/commercial plumbing with decades of service history; recurring vehicle wear from daily calls,Confirmed active via official website and business listings,BBB profile,Yelp listing,2026-09-02
J&J Electrical Contracting,Electrical Contractor,B,3429 Lightfoot Mill Rd,Chattanooga,TN,37406,(423) 595-1107,Not publicly available,jandjelectricalcontracting.com,Not publicly available,Not publicly available,Not publicly verified,Commercial/industrial/residential electrical and data cabling; crews travel to varied job sites,Confirmed active via official website and business listings,Yelp listing,Chattanooga Chamber directory,2026-09-02
Groves Electric Inc.,Electrical Contractor (Commercial/Industrial),B,5963 Dayton Blvd Ste 105,Chattanooga,TN,37415,(423) 847-3300,Not publicly available,groveselectric.net,Jason Groves,Owner/Founder,Not publicly verified,Multi-state licensed commercial/industrial electrical contractor; service trucks travel across three states regularly,Confirmed active via official website and business listings,BBB profile,Yelp listing,2026-09-02
Cox Concrete & Excavation,Concrete / Excavation,B,2401 Bachman St,Chattanooga,TN,37406,(423) 210-4127,Not publicly available,coxconcrete.us,Justin Cox,Owner/President,Not publicly verified,Combined concrete plus excavation contractor means both flatwork and dirt-moving crews on job sites daily,Confirmed active via official website and business listings,BBB profile,Yelp listing,2026-09-02
Chattanooga Concrete Co.,Concrete,C,522 Lytle St,Chattanooga,TN,Not publicly available,(423) 708-2372,Not publicly available,chattanoogaconcreteco.com,Jason Finnell,Owner/CEO,Not publicly verified,Residential/commercial concrete work; crew trucks and mixers travel to job sites regularly,Confirmed active via official website and business listings,BBB profile,Yelp listing,2026-09-02
Brown Bros. Inc.,Utility Contractor / Civil Excavation,A,6735 Ringgold Rd,Chattanooga,TN,37412,(423) 893-9595,Not publicly available,brownbros.co,Britt Brown,Co-Founder/Owner,Reported 100+ employees; heavy equipment fleet since 1997,Large regional civil/utility contractor (water sewer storm drainage grading heavy hauling) with 100+ employees,Confirmed active via official website and business listings,Company website,AGC East TN member directory,2026-09-02
Paul Davis Restoration of Greater Chattanooga,Restoration (Fire/Water),A,1916 Circle Dr,Chattanooga,TN,37421,(423) 899-2406,Not publicly available,greater-chattanooga.pauldavis.com,Not publicly available,Not publicly available,Not publicly verified,24/7 emergency restoration franchise dispatches multiple response vehicles at all hours including highway runs,Confirmed active via official website and business listings,BBB profile,Yelp listing,2026-09-02
Fire & Water Damage Recovery (Chattanooga Water Recovery Team),Restoration (Fire/Water),B,8111 E Brainerd Rd,Chattanooga,TN,37421,(423) 482-9838,Not publicly available,chattanoogawaterdamagepros.com,Not publicly available,Not publicly available,Not publicly verified,Round-the-clock emergency restoration service means vehicles are frequently on the road at all hours,Confirmed active via official website and business listings,Company website,Business directory listing,2026-09-02
Arcus Restoration,Restoration (Water/Fire/Storm),B,1271 N Holtzclaw Ave # 104,Chattanooga,TN,37406,(423) 708-7517,Not publicly available,arcusrestoration.com,Not publicly available,Not publicly available,Not publicly verified,Multi-state emergency restoration company (TN and AL) implies frequent long-distance highway driving,Confirmed active via official website and business listings,Company website,Business directory listing,2026-09-02
Rytech Restoration of Greater Chattanooga,Restoration (Water/Mold),A,9460 Factory St,Ooltewah,TN,37363,(423) 896-2808,Not publicly available,chattanooga.rytechinc.com,Ralph Falavinha,Owner,Not publicly verified,National restoration franchise covering TN and North Georgia; dispatch fleet drives extensive highway miles daily,Confirmed active via official website and business listings,BBB profile,Company website,2026-09-02
City of Chattanooga - Public Works Dept. (Fleet Management Division),Municipal Government,A,1250 Market St,Chattanooga,TN,37402,(423) 643-6311,Not publicly available,chattanooga.gov/government/public-works,Not publicly available,Not publicly available,"City-wide vehicle fleet; Fleet Division named to national ""100 Best Fleets"" list",City-owned fleet across all departments; Fleet Division nationally recognized,Confirmed active via official website and business listings,City press release,Chamber business listing,2026-09-02
Hamilton County Government - Procurement and Fleet Management Dept.,County Government,A,455 North Highland Park Ave (McDaniel Bldg),Chattanooga,TN,37404,(423) 209-6350,Not publicly available,hamiltontn.gov/Department_Procurement.aspx,Not publicly available,Not publicly available,Not publicly verified,Centralized fleet management office for the county; direct decision-maker for fleet vendor relationships,Confirmed active via official website and business listings,Official county department page,Hamilton County Procurement Rules PDF,2026-09-02
Hamilton County Highway Department,County Government (Public Works),A,7625 Standifer Gap Rd,Chattanooga,TN,37421,(423) 209-5050,Not publicly available,hamiltontn.gov/Department_Highway.aspx,Not publicly available,Not publicly available,Not publicly verified,Maintains county government vehicles and 880 miles of roads; heavy-vehicle-use department,Confirmed active via official website and business listings,Official county department page,Directory listing,2026-09-02
Hamilton County Schools - Transportation Department,K-12 School Transportation,A,3074 Hickory Valley Rd,Chattanooga,TN,37421,(423) 498-7020,Not publicly available,hcde.org,Not publicly available,Not publicly available,Not publicly verified (large countywide school bus fleet),School bus windshields face constant chip/crack damage; large fleet with dedicated transportation hotline,Confirmed active via official website and business listings,Official department directory,Official operations page,2026-09-02
CARTA (Chattanooga Area Regional Transportation Authority),Public Transportation,A,1617 Wilcox Blvd,Chattanooga,TN,37406,(423) 629-1411,Not publicly available,gocarta.org,Not publicly available,Not publicly available,Not publicly verified,Public transit fleet of buses/vans requires windshield replacement and ADAS recalibration; has vendor-facing Business Center,Confirmed active via official website and business listings,Official website,Wikipedia entry,2026-09-02
Hamilton County Sheriff's Office (Administration),County Government (Law Enforcement),B,600 Market St,Chattanooga,TN,37402,(423) 622-0022,Not publicly available,hcsheriff.gov,Not publicly available,Not publicly available,Not publicly verified,Patrol and administrative vehicle fleet requires regular glass service and recalibration,Confirmed active via official website and business listings,Official website,Public non-emergency numbers page,2026-09-02
University of Tennessee at Chattanooga - Facilities/Transportation Services,University,B,615 McCallie Ave,Chattanooga,TN,37403,(423) 425-4521,Not publicly available,utc.edu/finance-and-administration/facilities-planning-and-management,Not publicly available,Not publicly available,Not publicly verified,Operates campus Transportation Services/Motor Pool with university-owned vehicles,Confirmed active via official website and business listings,Official facilities page,Official transportation services page,2026-09-02
Chattanooga State Community College - Facilities Safety & Maintenance,Community College,B,4501 Amnicola Hwy,Chattanooga,TN,37406,(423) 697-4400,Not publicly available,chattanoogastate.edu/facilities-safety-maintenance,Not publicly available,Not publicly available,Not publicly verified,Dedicated facilities/maintenance department likely operates campus service vehicles,Confirmed active via official website and business listings,Official department page,Yelp business listing,2026-09-02
Erlanger Health System,Hospital System,A,975 E Third St,Chattanooga,TN,37403,(423) 778-7000,Not publicly available,erlanger.org,Not publicly available,Not publicly available,Not publicly verified,Region's largest teaching hospital system; large facilities operation typically running courier maintenance and shuttle vehicles,Confirmed active via official website and business listings,Official website,Chattanooga Chamber directory,2026-09-02
CHI Memorial Hospital (Chattanooga),Hospital System,B,2525 De Sales Ave,Chattanooga,TN,37404,(423) 495-2525,Not publicly available,commonspirit.org,Not publicly available,Not publicly available,Not publicly verified,Major hospital campus; facilities departments at this scale typically run maintenance and shuttle vehicles,Confirmed active via official website and business listings,Official location page,Healthgrades facility listing,2026-09-02
Parkridge Medical Center,Hospital System,B,2333 McCallie Ave,Chattanooga,TN,37404,(423) 698-6061,Not publicly available,parkridgehealth.com,Not publicly available,Not publicly available,275-bed acute care hospital (facilities fleet not publicly verified),275-bed hospital with facilities division likely maintaining service vehicles,Confirmed active via official website and business listings,Official locations page,Yelp business listing,2026-09-02
EPB (Electric Power Board of Chattanooga),Utility (Electric/Fiber),A,10 West M.L. King Blvd,Chattanooga,TN,37402,1-800-747-5048,customerservice@epb.net,epb.com,Not publicly available,Not publicly available,Not publicly verified,"City-owned electric/fiber utility serving 178,000+ customers over 3,650 miles of line; heavy-duty utility fleet (bucket/line trucks) is a strong mobile-glass fit",Confirmed active via official website and business listings,Wikipedia entry,TVA local power company profile,2026-09-02
Tennessee American Water,Utility (Water),B,109 Wiehl St,Chattanooga,TN,37403,866-736-6420,Not publicly available,amwater.com/tnaw,Not publicly available,Not publicly available,Not publicly verified,"Largest investor-owned water utility in TN serving approx. 380,000 people; field service trucks are a fit",Confirmed active via official website and business listings,Official contact page,Chattanooga Chamber member directory,2026-09-02
Goodwill Industries of the Greater Chattanooga Area,Large Nonprofit (Donated Goods),B,6104 Preservation Dr,Chattanooga,TN,37416,(423) 629-2501,Not publicly available,goodwillchatt.org,Not publicly available,Not publicly available,Not publicly verified,HQ runs donation pickup logistics across multiple store locations; regular box-truck/van fleet use,Confirmed active via official website and business listings,Official website,Chattanooga Chamber directory,2026-09-02
Habitat for Humanity of Greater Chattanooga Area (ReStore),Large Nonprofit (Home Building),C,1201 E Main St,Chattanooga,TN,37408,(423) 634-1004,Not publicly available,habichatt.org/restore,Not publicly available,Not publicly available,Not publicly verified,Runs donation pickup service (truck fleet) plus construction vehicles for home builds across Hamilton County,Confirmed active via official website and business listings,Official ReStore/pickups pages,Habitat affiliate directory,2026-09-02
Chattanooga Area Food Bank,Large Nonprofit (Food Distribution),B,2009 Curtain Pole Rd,Chattanooga,TN,37406,(423) 622-1800,Not publicly available,chattfoodbank.org,Not publicly available,Not publicly available,Not publicly verified,Operates home-delivery mobile pantry and partner-distribution logistics across a 200+ partner network; regular delivery-truck fleet,Confirmed active via official website and business listings,Official website,Feeding America network directory,2026-09-02
Sunbelt Rentals,Equipment Rental,A,4075 S Access Rd,Chattanooga,TN,37406,(423) 893-0521,Not publicly available,sunbeltrentals.com,Not publicly available,Not publicly available,Not publicly verified,National rental branch running daily flatbed/box-truck deliveries to jobsites; high highway/off-road windshield wear,Confirmed active via official website and business listings,Official branch page,Yellow Pages listing,2026-09-02
Herc Rentals,Equipment Rental,A,1913 E 24th St Pl,Chattanooga,TN,37404,(423) 624-6955,Not publicly available,hercrentals.com,Not publicly available,Not publicly available,Not publicly verified,National equipment rental branch with daily local delivery routes,Confirmed active via official website and business listings,Official branch page,BBB profile,2026-09-02
United Rentals,Equipment Rental,A,3611 Amnicola Hwy,Chattanooga,TN,37406,(423) 376-1893,Not publicly available,unitedrentals.com,Not publicly available,Not publicly available,Not publicly verified,Major national rental fleet with branch delivery trucks,Confirmed active via official website and business listings,Official branch page,Yellow Pages listing,2026-09-02
EquipmentShare,Equipment Rental,B,4840 Geminus Dr,Chattanooga,TN,37416,(423) 497-1122,Not publicly available,equipmentshare.com,Not publicly available,Not publicly available,Not publicly verified,Regional heavy-equipment rental branch with delivery/service trucks,Confirmed active via official website and business listings,Official location page,Yellow Pages listing,2026-09-02
Power Equipment Company,Equipment Rental/Dealer,B,4295 Bonny Oaks Dr,Chattanooga,TN,37406,(423) 894-1870,Not publicly available,powerequipco.com,Not publicly available,Not publicly available,Not publicly verified,Heavy forestry/construction/road equipment dealer covering multi-state territory with service and delivery trucks,Confirmed active via official website and business listings,Official website,Yelp listing,2026-09-02
Action Rental & Sales of Chattanooga,Equipment Rental,B,6509 Lee Hwy,Chattanooga,TN,37421,(423) 894-0644,Not publicly available,actionrentals.com,Not publicly available,Not publicly available,Not publicly verified,Locally owned since 1988; daily local delivery of equipment and event/party rentals,Confirmed active via official website and business listings,Official website,Yelp listing,2026-09-02
THS Foodservice Inc.,Food/Restaurant Supply Distribution,A,801 E 12th St,Chattanooga,TN,37403,(423) 267-3821,Not publicly available,thsfs.com,Not publicly available,Not publicly available,Not publicly verified,Locally owned foodservice/restaurant supply distributor for 50+ years delivering to restaurants and institutions daily,Confirmed active via official website and business listings,Official website,Business directory listing,2026-09-02
Chattanooga Coca-Cola Bottling Company,Beverage Distribution,A,2111 W Shepherd Rd,Chattanooga,TN,37421,(423) 624-4681,Not publicly available,Not publicly available,Not publicly available,Not publicly available,Not publicly verified,Bottler/distributor with large route-delivery truck fleet to retail accounts,Confirmed active via official website and business listings,Chamber directory,BBB beverage-distribution category,2026-09-02
Carter Distributing Company,Beer/Wine/Spirits Distribution,A,1305 Broad St,Chattanooga,TN,37402,(423) 266-0056,Not publicly available,Not publicly available,Not publicly available,Not publicly available,Not publicly verified,"Beer/wine/spirits wholesaler serving 1,200+ accounts since 1959; sizable delivery fleet",Confirmed active via official website and business listings,Active FMCSA carrier record,Business listing,2026-09-02
Wholesale Beverages,Beverage Distribution,B,537 Market St Ste 100,Chattanooga,TN,37402,(423) 267-5691,Not publicly available,Not publicly available,Not publicly available,Not publicly available,Not publicly verified,Beverage wholesaler delivering to bars restaurants and retail,Confirmed active via official website and business listings,BBB profile (A+ rating),Chamber directory,2026-09-02
Tennessee Crown Distributing Co.,Beverage Distribution,A,3875 N Hawthorne St,Chattanooga,TN,37406,(423) 629-7121,Not publicly available,tennesseecrown.com,Not publicly available,Not publicly available,Not publicly verified,Regional beverage distributor with branded delivery-truck routes,Confirmed active via official website and business listings,Official website,Business directory listing,2026-09-02
TriStar Beverage of Chattanooga (Hand Family Companies),Beverage Distribution,A,200 Shearer St,Soddy-Daisy,TN,37379,(423) 332-5500,Not publicly available,handfamilycompanies.com,Not publicly available,Not publicly available,Not publicly verified,Regional multi-brand beverage distributor with active delivery routes,Confirmed active via official website and business listings,Official website,Chamber directory,2026-09-02
Fulex 3PL (Chattanooga Fulfillment Center),Food/Supplement Fulfillment & Distribution,C,2700 Riverside Dr,Chattanooga,TN,37406,(423) 690-8100,Not publicly available,fulex.com,Not publicly available,Not publicly available,Not publicly verified,FDA-certified 3PL warehouse handling food/supplement outbound shipping with outbound shipping vans,Official website,Official website,,2026-09-02
ABC Supply Co.,Building Supply Wholesale Distribution,A,2225 Polymer Dr,Chattanooga,TN,37421,(423) 553-1082,Not publicly available,abcsupply.com,Not publicly available,Not publicly available,Not publicly verified,North America's largest wholesale building-materials distributor; daily contractor deliveries by box/boom trucks,Confirmed active via official website and business listings,Yelp listing,Official website,2026-09-02
Ferguson Waterworks,Plumbing/Waterworks Wholesale Distribution,A,4100 Amnicola Hwy,Chattanooga,TN,37406,(423) 629-1755,Not publicly available,ferguson.com,Not publicly available,Not publicly available,Not publicly verified,National wholesale plumbing/waterworks distributor branch with large daily contractor-delivery fleet,Confirmed active via official website and business listings,Official branch page,BBB profile,2026-09-02
SiteOne Landscape Supply (Ooltewah),Landscape/Agricultural Wholesale Distribution,B,6815 Mountain View Rd,Ooltewah,TN,37363,(423) 238-7273,Not publicly available,siteone.com,Not publicly available,Not publicly available,Not publicly verified,Largest national wholesale landscape-supply distributor with delivery trucks to landscape/ag contractors,Confirmed active via official website and business listings,Official store page,Yelp listing,2026-09-02
EMJ Corporation,Real Estate Development/Construction,B,6148 Lee Hwy Ste 300,Chattanooga,TN,37421,(423) 855-1550,Not publicly available,emjcorp.com,Not publicly available,Not publicly available,Not publicly verified,Chattanooga-based real estate development and construction firm running project trucks/site vehicles,Confirmed active via official website and business listings,Official website,Chattanooga Chamber directory,2026-09-02
Chattanooga Housing Authority,Large Real Estate (Public Housing),A,801 N Holtzclaw Ave,Chattanooga,TN,37404,(423) 752-4893,Not publicly available,chahousing.org,Not publicly available,Not publicly available,Not publicly verified,Public housing authority managing numerous properties citywide; sizable maintenance-truck fleet visiting sites daily,Confirmed active via official website and business listings,Official website,Yelp listing,2026-09-02
Paden Tree People,Tree Service,B,7611 Hixson Pike,Chattanooga,TN,37343,(423) 326-9104,Not publicly available,padentreepeople.com,Not publicly available,Not publicly available,Not publicly verified,24/7 crews running bucket/chip trucks to storm and removal jobs county-wide; high debris/rock-chip exposure,Confirmed active via official website and business listings,Official website,Google/Yelp listings,2026-09-02
Common Ground Tree Service LLC,Tree Service,B,2629 Simpson Ave,Chattanooga,TN,37415,(423) 602-0466,Not publicly available,commongroundchattanoogatreeservice.com,Samuel Manzer,Owner,Not publicly verified,ISA-certified arborist crew running trucks/chippers to residential and commercial jobs daily,Confirmed active via official website and business listings,BBB profile,Yelp listing,2026-09-02
Lumberjacks Tree Service,Tree Service,A,4123 Cromwell Rd,Chattanooga,TN,37421,(423) 760-8733,Not publicly available,lumberjackstn.com,Not publicly available,Not publicly available,Two-location operation (also 4165 Bonny Oaks Dr),Two-location tree/hardwood operation with BBB A+ rating since 2012,Confirmed active via official website and business listings,BBB profile,Yelp listing,2026-09-02
Ray Lawns,Landscaping,C,9375 Standifer Gap Rd,Ooltewah,TN,37363,(423) 618-4477,Not publicly available,Not publicly available,Not publicly available,Not publicly available,Not publicly verified,Local mowing/lawn crew driving daily routes throughout east Hamilton County,Yelp listing,Yelp listing,,2026-09-02
Ooltewah Nursery & Landscaping Co.,Landscaping,C,5829 Main St,Ooltewah,TN,37363,(423) 238-9775,Not publicly available,Not publicly available,Not publicly available,Not publicly available,Not publicly verified,Nursery/landscaping operation with delivery trucks and install crews,Confirmed active via official website and business listings,City of Collegedale business directory,Yellow Pages,2026-09-02
Landscape Workshop - Chattanooga Branch,Landscaping,A,3903 Volunteer Dr # B,Chattanooga,TN,37416,(423) 899-1212,Not publicly available,landscapeworkshop.com,Not publicly available,Not publicly available,Not publicly verified,Leading commercial grounds-maintenance branch with large installed crew fleet,Confirmed active via official website and business listings,Chattanooga Chamber directory,Company branch page,2026-09-02
Arrow Exterminators - Chattanooga Service Center,Pest Control,A,3501 Amnicola Hwy,Chattanooga,TN,37406,(423) 629-7378,Not publicly available,arrowexterminators.com,Not publicly available,Not publicly available,Not publicly verified,Multi-technician branded van fleet running daily residential/commercial routes,Confirmed active via official website and business listings,Official branch page,Yelp listing,2026-09-02
Cook's Pest Control - Chattanooga Branch,Pest Control,A,2000 Amnicola Hwy,Chattanooga,TN,37406,(423) 629-2563,Not publicly available,cookspest.com,Not publicly available,Not publicly available,Not publicly verified,Large regional pest chain with high-volume technician truck fleet on daily routes,Confirmed active via official website and business listings,Official branch page,Pest Control Reviews directory,2026-09-02
Perfect Blend Pest Solutions,Pest Control,B,6104 Ooltewah Georgetown Rd Ste B,Ooltewah,TN,37363,(423) 966-2847,Not publicly available,perfectblendpestsolutions.com,Not publicly available,Not publicly available,Not publicly verified,Family-owned local pest firm serving Chattanooga/Signal Mtn with daily route trucks,Confirmed active via official website and business listings,Official website,Pest Crews directory,2026-09-02
Chattanooga Termite Control,Pest Control,B,1800 E 29th St,Chattanooga,TN,37415,(423) 205-2282,Not publicly available,chattanoogatermites.com,Not publicly available,Not publicly available,Not publicly verified,Locally owned termite/pest firm with technician trucks covering East Ridge and Signal Mountain,Confirmed active via official website and business listings,Official website,Official contact page,2026-09-02
Massey Services,Pest Control,A,4315 N Creek Rd,Chattanooga,TN,37406,(423) 892-5950,Not publicly available,masseyservices.com,Not publicly available,Not publicly available,Not publicly verified,National pest chain branch with dedicated technician van fleet,Official branch page,Official branch page,,2026-09-02
Impact Facility Solutions LLC,Property Maintenance,A,832 Georgia Ave Ste 345,Chattanooga,TN,37402,(423) 645-0830,Not publicly available,impactfacilitysolutions.com,Not publicly available,Not publicly available,Not publicly verified,Multi-service commercial firm (janitorial landscaping pressure washing lot striping) with large vehicle/crew fleet,Confirmed active via official website and business listings,Chattanooga Chamber directory,Official website,2026-09-02
Walden Security,Security,A,100 E 10th St Ste 400,Chattanooga,TN,37402,800-846-4350,Not publicly available,waldensecurity.com,Not publicly available,Not publicly available,Not publicly verified,Chattanooga-headquartered security firm running roving patrol vehicles and install vans across the region,Confirmed active via official website and business listings,BBB profile,Official locations page,2026-09-02
Chattanooga Fire Protection Inc.,Fire Protection,A,1818 Broad St,Chattanooga,TN,37408,(423) 265-1772,Not publicly available,chattanoogafire.com,Not publicly available,Not publicly available,Not publicly verified,Locally owned since 1945; sprinkler/alarm install and inspection trucks traveling to commercial sites countywide,Confirmed active via official website and business listings,BBB profile,Official website,2026-09-02
PCM Fire Sprinklers,Fire Protection,B,3755 Pilot Point,Chattanooga,TN,37416,(423) 954-8827,Not publicly available,pcmfire.com,Not publicly available,Not publicly available,Not publicly verified,Local sprinkler sales/service/install company with technician trucks visiting commercial buildings,Official website,Official website,,2026-09-02
Evernest Property Management - Chattanooga,Property Management,A,1418 McCallie Ave,Chattanooga,TN,37404,(423) 648-7368,support@evernest.co,evernest.co,Not publicly available,Not publicly available,Not publicly verified,National PM firm's local office with in-house maintenance team driving to managed properties daily,Confirmed active via official website and business listings,BBB profile,Official contact page,2026-09-02
PMI Chattanooga,Property Management,A,6720 Heritage Business Ct Ste 601,Chattanooga,TN,37421,(423) 708-6407,info@pmichattanooga.com,chattanoogapropertymanagementinc.com,Not publicly available,Not publicly available,Not publicly verified,Full-service residential/commercial/multifamily PM firm with maintenance vehicles servicing properties county-wide,Confirmed active via official website and business listings,Yelp listing,Official website,2026-09-02
Chattanooga Property Management LLC,Property Management,B,1504 S Smith St,Chattanooga,TN,Not publicly available,(423) 208-9444,office@chattanoogapm.com,chattanoogapm.com,Not publicly available,Not publicly available,Not publicly verified,Offers 24/7 maintenance response with in-house repair techs driving between rental properties,Confirmed active via official website and business listings,Yelp listing,Official website,2026-09-02
Ray's Towing Service,Towing,A,3003 Dayton Blvd,Red Bank,TN,37415,(423) 875-6694,Not publicly available,Not publicly available,Not publicly available,Not publicly available,Not publicly verified,Over 30 years in business; 24-hour towing operation with wreckers exposed to daily road incidents,Active BBB and Yelp listings; USDOT-registered carrier,BBB profile,USDOT/FMCSA carrier record,2026-09-02
River City Landscaping,Landscaping,B,7434 Davis Mill Cir,Harrison,TN,37341,(423) 250-3884,Not publicly available,Not publicly available,Not publicly available,Not publicly available,Not publicly verified,A+ BBB-rated landscape contractor with crew trucks/trailers traveling to job sites daily,BBB A+ accredited listing,BBB profile,Yellow Pages listing,2026-09-02
J.P Landscaping and Excavation,Landscaping / Excavation,B,8236 Harrison Bay Rd,Harrison,TN,37341,(423) 883-0720,Not publicly available,Not publicly available,Not publicly available,Not publicly available,Not publicly verified,Combined landscaping and excavation contractor; crew and equipment-hauling trucks on job sites daily,Active Yellow Pages/business directory listing,Yellow Pages listing,Business directory listing,2026-09-02
R & D Wrecker Service,Towing,A,5605 Hixson Pike,Hixson,TN,37343,(423) 877-8698,Not publicly available,rdwrecker.com,Not publicly available,Not publicly available,Not publicly verified,24/7 nationwide-capable towing/recovery operation based in Hixson; wreckers exposed to daily highway incidents,BBB profile; active company site with 24/7 hours,BBB profile,Company website,2026-09-02
Classic Collision (Hixson Pike),Collision Repair / Body Shop,A,5520 Hixson Pike,Hixson,TN,37343,(423) 843-9950,Not publicly available,classiccollision.com,Not publicly available,Not publicly available,Not publicly verified,Third Hamilton County location of a multi-site collision chain that already advertises glass replacement; referral/overflow partner,Active corporate location page,Company website,,2026-09-02
Gas Appliances Unlimited,HVAC / Gas Appliance Install & Repair,B,5604 Highway 153,Hixson,TN,37343,(423) 877-6303,Not publicly available,Not publicly available,Not publicly available,Not publicly available,Not publicly verified,Licensed HVAC/gas-appliance and septic install and repair contractor; service vehicles travel to residential/commercial jobs daily,Active business directory listing,Licensed Contractors directory,,2026-09-02
"Bell Heating and Air Conditioning, LLC",HVAC,B,12853 Old Dayton Pike,Soddy-Daisy,TN,37379,(423) 802-8837,Not publicly available,callbellheatingandair.com,Not publicly available,Not publicly available,Not publicly verified,Family-owned HVAC contractor based in Soddy-Daisy serving the wider Chattanooga area; service vans on the road daily,BBB profile,Company website,,2026-09-02
Wann Funeral Home & Cremation Center,Funeral Home,C,4000 Tennessee Ave,Chattanooga,TN,37409,(423) 821-7551,Not publicly available,wannfuneralhome.com,Not publicly available,Not publicly available,Not publicly verified,Funeral home with hearse/flower-van fleet,BBB profile; active company site,BBB profile,Yelp listing,2026-09-02
"Chattanooga Funeral Home, Crematory & Florist - Valley View Chapel",Funeral Home (multi-chapel chain),B,7414 Old Lee Hwy,Chattanooga,TN,37421,(423) 698-2541,Not publicly available,dignitymemorial.com,Not publicly available,Not publicly available,Not publicly verified,"Part of a multi-chapel funeral/crematory/florist chain; hearses, limos, and flower-delivery vans across locations",Active chain listing; open 24 hours,Dignity Memorial listing,Yelp listing,2026-09-02
"Chattanooga Funeral Home, Crematory & Florist - North Chapel",Funeral Home (multi-chapel chain),B,5401 Hwy 153,Hixson,TN,37343,(423) 698-2541,Not publicly available,dignitymemorial.com,Not publicly available,Not publicly available,Not publicly verified,Same multi-chapel chain; dedicated hearse/limo/flower-van fleet; co-located with Hamilton Memorial Gardens cemetery,Active chain listing; open 24 hours,Dignity Memorial listing,Yelp listing,2026-09-02
"Chattanooga Funeral Home, Crematory & Florist - East Chapel",Funeral Home (multi-chapel chain),B,404 S Moore Rd,East Ridge,TN,37412,(423) 698-2541,Not publicly available,dignitymemorial.com,Not publicly available,Not publicly available,Not publicly verified,Same multi-chapel chain; dedicated hearse/limo/flower-van fleet,Active chain listing; open 24 hours,Dignity Memorial listing,Chamber of Commerce directory,2026-09-02
ASP - America's Swimming Pool Company of Chattanooga,Pool Service,B,2401 Bachman St Ste 6,Chattanooga,TN,37406,(423) 454-2917,Not publicly available,asppoolco.com,Not publicly available,Not publicly available,Not publicly verified,Pool service vans run daily residential/commercial routes; part of a national franchise network,Active franchise location page,Yelp listing,,2026-09-02
Chattanooga Pool Services,Pool Service,B,7249 Aventine Way,Chattanooga,TN,37421,(423) 602-2999,Not publicly available,Not publicly available,Not publicly available,Not publicly available,Not publicly verified,Locally run pool maintenance company with service vans on daily routes,Active Yelp listing with photos,Yelp listing,,2026-09-02
Pinnacle Pools and Spas,Pool Service / Pool Builder,B,6102 Shallowford Rd Ste 105,Chattanooga,TN,37421,(423) 358-1178,Not publicly available,pinnaclepoolsandspas.com,Not publicly available,Not publicly available,Not publicly verified,Pool builder and maintenance company; construction and service vehicles travel to job sites regionally,Active company site,Company website,,2026-09-02
Pop-A-Lock (Chattanooga franchise),Locksmith (Mobile),A,2288 Gunbarrel Rd Ste 154 PMB 228,Chattanooga,TN,37421,(423) 238-6736,Not publicly available,popalock.com,Not publicly available,Not publicly available,Not publicly verified,Mobile locksmith fleet dispatched throughout the county daily; national franchise with strong local presence,Active franchise request-service page,Company website,BBB category listing,2026-09-02
A-1 Security Locksmith,Locksmith (Mobile),A,3523 Hixson Pike,Chattanooga,TN,37415,(423) 870-9790,Not publicly available,a1securitylocksmithtn.com,Not publicly available,Not publicly available,Not publicly verified,24/7 mobile locksmith service with vehicles dispatched to residential/commercial/automotive calls daily,Active company site with 24/7 service page,Company website,,2026-09-02
Chattanooga Appliance,Appliance Repair (Mobile Service),B,5966 Dayton Blvd,Chattanooga,TN,37415,(423) 870-4339,Not publicly available,Not publicly available,Not publicly available,Not publicly available,Not publicly verified,Appliance repair technicians drive service vehicles to homes/businesses daily,Active Yelp listing with posted hours,Yelp listing,,2026-09-02
Volunteer Appliance Service Co.,Appliance Repair (Mobile Service),B,2108 McBrien Rd,Chattanooga,TN,37412,(423) 867-4000,Not publicly available,Not publicly available,Not publicly available,Not publicly available,Not publicly verified,Appliance repair technicians drive service vehicles to homes/businesses daily,Active Yelp listing with posted hours,Yelp listing,411/business directory listing,2026-09-02
Catering Company,Catering,C,1002 Hixson Pike,Chattanooga,TN,37405,(423) 265-4981,Not publicly available,Not publicly available,Not publicly available,Not publicly available,Not publicly verified,Catering delivery vans run to event sites regularly,Active Yelp listing,Yelp listing,,2026-09-02
Brown Bag Catering,Catering,C,1924 Gunbarrel Rd,Chattanooga,TN,37421,(423) 443-7700,Not publicly available,brownbagnow.com,Not publicly available,Not publicly available,Not publicly verified,Catering/delivery vehicles run to corporate and event clients regularly,Active company site,Company website,,2026-09-02
Events with Taste,Catering,C,507A W 26th St,Chattanooga,TN,37408,(423) 508-8023,Not publicly available,ewtcaters.com,Not publicly available,Not publicly available,Not publicly verified,Catering/delivery vehicles run to corporate and event clients regularly,Active company site,Company website,,2026-09-02
S & T Signs,Sign Company / Printing,B,5814 Ringgold Rd Ste C,Chattanooga,TN,37412,(423) 296-8245,Not publicly available,signsinchattanooga.com,Not publicly available,Not publicly available,Not publicly verified,Sign shop explicitly offers vehicle wrap and fleet jobs plus delivery/installation vans; direct affinity with fleet-owning customers,Active company site since 20+ years in business,Company website,Yelp listing,2026-09-02
Ortwein Sign Company,Sign Company / Manufacturing,B,2806 E 50th St,Chattanooga,TN,37407,(423) 867-9208,Not publicly available,ortweinsign.com,Not publicly available,Not publicly available,Not publicly verified,"30,000 sq ft custom sign manufacturing facility with delivery/install vehicles",Active company site,Company website,,2026-09-02
Printing Plus Signs,Sign Company / Printing,C,1922 Dayton Blvd,Chattanooga,TN,37415,(423) 664-4164,Not publicly available,Not publicly available,Not publicly available,Not publicly available,Not publicly verified,Vehicle graphics and signage shop with install/delivery vehicles,Active Yelp listing,Yelp listing,,2026-09-02
QualityPRO Power Washing,Pressure Washing / Fleet Washing,B,3311 4th Ave,Chattanooga,TN,Not publicly available,(423) 463-0376,Not publicly available,getpowerwashed.com,Not publicly available,Not publicly available,Not publicly verified,Explicitly offers fleet washing plus commercial pressure washing/window cleaning; natural cross-referral partner for a mobile fleet-service vendor,Active company site,Company website,Facebook business page,2026-09-02
True Shine Window Washers,Window Cleaning (Commercial),C,5600 Saint Elmo Ave,Chattanooga,TN,37409,(423) 503-8783,Not publicly available,trueshinewindowwashers.com,Not publicly available,Not publicly available,Not publicly verified,Commercial/high-rise window cleaning company with vehicles traveling to job sites daily,Active company site,Company website,,2026-09-02
Bin There Dump That Chattanooga,Waste Management / Dumpster Rental,B,"6802 Ringgold Rd, Suite 105",Chattanooga,TN,37412,(423) 777-6898,Not publicly available,bintheredumpthat.com/chattanooga-dumpster-rentals,Not publicly available,Not publicly available,Not publicly verified,Roll-off trucks run daily on job sites/highways; high windshield chip/crack exposure,Active national franchise site with local branch page,Company website,Yelp / YP listings,2026-09-02
We Talk Trash Dumpsters,Waste Management / Dumpster Rental,B,"1106 McCallie Ave, Ste 104",Chattanooga,TN,37404,(423) 708-4788,office@wetalktrashdumpsters.com,wetalktrashdumpsters.com,Not publicly available,Not publicly available,Not publicly verified,Local roll-off hauler; trucks constantly on active construction sites,Active site with posted hours; HBA of TN member,Yelp listing,HBA Tennessee member directory,2026-09-02
Chattanooga Waste (Same Day Dumpster Rental),Waste Management / Dumpster Rental,B,"959 Windtower Dr, Ste 13",Chattanooga,TN,37402,(423) 651-6169,Not publicly available,chattanoogadumpsterrental.org,Not publicly available,Not publicly available,Not publicly verified,Local roll-off dispatch fleet with daily job-site runs,Active website with About Us page,Company website,Google Business listing,2026-09-02
CMC Recycling (Commercial Metals Co.),Recycling / Scrap Metal,A,2000 Washington St,Chattanooga,TN,37408,(423) 267-2181,Not publicly available,cmcrecycling.com/locations/chattanooga,Not publicly available,Not publicly available,Large industrial scrap/roll-off truck fleet (regional processor),Heavy trucks hauling scrap in/out daily; yard equipment exposed to debris,Operating since 1915; 4.7-star rated; active posted hours,BBB profile,Yelp / Chattanooga Chamber directory,2026-09-02
SA Recycling Chattanooga,Recycling / Scrap Metal,A,980 West 19th St,Chattanooga,TN,37408,(423) 756-6070,Not publicly available,sarecycling.com/yard/sa-recycling-chattanooga,Not publicly available,Not publicly available,Large national scrap yard operator with local roll-off/pickup trucks,Active scrap yard with published hours,sarecycling.com,Yelp / Chattanooga Chamber directory,Not publicly available,2026-09-02
Baxwin Scrap Iron,Recycling / Scrap Metal,B,2189 Broad St,Chattanooga,TN,37408,(423) 267-1576,Not publicly available,Not publicly available,Not publicly available,Not publicly available,Not publicly verified,Scrap hauling trucks operate on rough yard surfaces and highways,Active listing with phone/address,Yelp listing,Yellow Pages,2026-09-02
"Pit Stop Portables (Port-O-Toilet, LLC)",Portable Sanitation,B,1516 E Main St,Chattanooga,TN,37404,(423) 894-9994,charlie@pitstopportables.net,Not publicly available,"Charles ""Charlie"" Hatler",Owner,Not publicly verified,Porta-john delivery trucks run job sites/events across the county daily,BBB profile; business since 1964; active Yelp/Facebook presence,BBB profile,Yelp listing,2026-09-02
Geosyntec Consultants,Environmental / Geotechnical Testing,A,"835 Georgia Ave, Suite 500",Chattanooga,TN,37402,(423) 385-2310,Not publicly available,geosyntec.com/office-location/chattanooga-tennessee,Not publicly available,Not publicly available,Large national engineering firm with field crews/trucks,Active national firm with local office page,Company website,Chattanooga Chamber directory,Not publicly available,2026-09-02
Terracon Consultants Inc.,Environmental / Geotechnical Testing,A,"51 Lost Mound Dr, Ste 135",Chattanooga,TN,37406,(423) 499-6111,Not publicly available,terracon.com/offices/chattanooga,"Mark Harrison, P.E.",Office Manager,Large national firm; fleet of field trucks for drilling/testing crews,Active office since 2009; ACEC-TN member,ACEC TN member directory,Chattanooga Chamber directory,Not publicly available,2026-09-02
"ECS Southeast, LLC",Environmental / Geotechnical Testing,A,3903 Volunteer Dr #100,Chattanooga,TN,37416,(615) 885-4983,Not publicly available,ecslimited.com/locations/ecs-southeast-llc-chattanooga-tn,Not publicly available,Not publicly available,Large regional testing firm with field trucks at construction sites constantly,Active branch page; Chattanooga Chamber listing,Company website,Chattanooga Chamber directory,Not publicly available,2026-09-02
UES (Chattanooga Area / Ooltewah),Environmental / Geotechnical Testing,B,"6607 Mountain View Rd, Suite 139",Ooltewah,TN,37363,(423) 614-6471,Not publicly available,teamues.com/office-details/chattanooga-area-ooltewah,Derek Kilday,"VP / Chattanooga Area Manager, Geotechnical",Field truck fleet for drilling/materials testing,Active office listing with named manager,Company website,Not publicly available,Not publicly available,2026-09-02
David Mathews Surveying and Mapping,Land Surveying,B,1820 Hamill Rd,Hixson,TN,37343,(423) 870-4208,Not publicly available,dmsmapping.com,David Mathews,Owner,Small sole-proprietor/small crew,Survey trucks travel to job sites daily across the county,BBB Accredited since 2004 (A+ rating); in business since 1974,BBB profile,Yelp listing,2026-09-02
Thompson Gas (Soddy-Daisy),Propane / Fuel Delivery,B,8949 Dayton Pike,Soddy-Daisy,TN,37379,(423) 877-6303,Not publicly available,thompsongas.com,Not publicly available,Not publicly available,Not publicly verified,Bobtail propane delivery trucks run daily rural/highway routes,Listed 30 years in operation; active reviews,Yellow Pages,FuelWonk vendor listing,2026-09-02
"Chattanooga Propane, LLC",Propane / Fuel Delivery,B,9536 Lee Hwy,Collegedale,TN,37363,(423) 238-5930,Not publicly available,chattanoogapropane.com,Not publicly available,Not publicly available,Not publicly verified,Bobtail delivery fleet serving Ooltewah/Collegedale/Harrison area,BBB profile; registered with Collegedale TN business directory,BBB profile,Collegedale TN business directory,2026-09-02
Holston Gases,Propane / Fuel Delivery,A,1105 Stuart St,Chattanooga,TN,37406,(423) 698-5312,Not publicly available,holstongases.com,Not publicly available,Not publicly available,Large 65+ year regional gas/welding/propane distributor with multi-truck fleet,Active company with multiple TN branch pages,Company website,Yelp listing,Not publicly available,2026-09-02
"Parman Energy Group, LLC",Fuel Oil / Bulk Fuel Delivery,A,1110 Stuart St,Chattanooga,TN,37406,(423) 629-3888,Not publicly available,parmanenergy.com,Not publicly available,Not publicly available,Large employee-owned regional fuel distributor; bulk tanker fleet,BBB profile; active LinkedIn/Facebook presence,BBB profile,LinkedIn company page,Not publicly available,2026-09-02
"Benton Oil Service, Inc.",Fuel Oil / Diesel Delivery,B,4831 Bonny Oaks Dr,Chattanooga,TN,37416,(423) 892-5211,Not publicly available,bentonoilservice.com,Not publicly available,Not publicly available,Medium; 3-generation family fuel delivery fleet since 1953,Long-standing operating history; active Yelp/BlueBook listings,Yelp listing,TheBlueBook ProView profile,Not publicly available,2026-09-02
Stock'd Supply (BlackHawk Industrial),Industrial Supply / MRO Distributor,A,4191 S Creek Rd,Chattanooga,TN,37406,(800) 698-1576,support@stockdsupply.com,stockdsupply.com,Fred Griffith,Not publicly available,Large regional MRO distributor with delivery/VMI trucks,Active site; named staff on ZoomInfo/LinkedIn; part of BlackHawk Industrial,ZoomInfo,LinkedIn company page,Not publicly available,2026-09-02
Dempsey and Sons Well Drilling,Well Drilling,B,6228 Bonny Oaks Dr,Chattanooga,TN,37416,(423) 894-5635,Not publicly available,Not publicly available,Not publicly available,Not publicly available,Not publicly verified,Drill rigs/support trucks travel rough rural sites daily,Active Yelp listing with reviews,Yelp listing,Not publicly available,2026-09-02
Scenic City Septic Services,Septic Tank Service / Pumping,B,9533 Hixson Pike,Soddy-Daisy,TN,37379,(423) 615-8520,Not publicly available,sceniccityseptic.net,Not publicly available,Not publicly available,Not publicly verified,"Serves Soddy-Daisy, Hixson, Signal Mountain, Middle Valley; trucks on rural roads daily",Active multi-page service site covering several Hamilton County towns,Company website,Facebook business page,2026-09-02
Chattanooga Camper Sales,RV Dealer,A,5911 Ringgold Rd,East Ridge,TN,37412,(423) 681-9095,Not publicly available,Not publicly available,Not publicly available,Not publicly available,Not publicly verified,"RV dealers run test-drive/tow/delivery vehicles; RV windshields are large, expensive glass jobs","Active current listing with hours, inventory, reviews",RVUSA listing,Yelp,2026-09-02
Camping World Chattanooga,RV Dealer / Service,A,6728 Ringgold Rd,Chattanooga,TN,37412,(877) 295-2202,Not publicly available,rv.campingworld.com/dealer/chattanooga-tennessee,Not publicly available,Not publicly available,Large multi-location national chain with on-site fleet,Active national chain with on-site service bays and reviews,Company website,Yelp,Not publicly available,2026-09-02
Campers Unlimited,RV Dealer,B,8802 Old Lee Hwy,Ooltewah,TN,37363,(423) 805-2268,Not publicly available,campersunlimited.net/locations/chattanooga,Not publicly available,Not publicly available,Not publicly verified,RV lot/service center windshields and delivery trucks,Active location page with hours,Company website,Not publicly available,2026-09-02
Erwin Marine Sales,Boat Dealer / Marine Service,A,3001 Kings Point Rd,Chattanooga,TN,37416,(423) 622-1978,Not publicly available,Not publicly available,Not publicly available,Not publicly available,Not publicly verified,Trailers/tow rigs and service vans regularly on Chickamauga Lake roads; long-time local marine dealer,Active Yelp listing (35 photos); active Facebook page,Yelp listing,Facebook page,2026-09-02
Skier's Marine – Chattanooga,Boat Dealer / Marine Service,A,4280 Bonny Oaks Dr,Chattanooga,TN,37406,(423) 680-7301,Not publicly available,skiersmarine.com/locations/chattanooga-tn,Not publicly available,Not publicly available,Not publicly verified,Sales/service/rental fleet with trailers and delivery vehicles,Chaparral Boats authorized dealer page confirms location,Company website,Chaparral dealer page,2026-09-02
MarineMax Chattanooga,Boat Dealer / Marine Service,B,201 Riverfront Pkwy,Chattanooga,TN,37402,(423) 266-1316,Not publicly available,marinemax.com,Not publicly available,Not publicly available,Publicly traded national chain,Downtown riverfront dealership with delivery/service fleet,Active listing with hours/phone,Not publicly available,Not publicly available,2026-09-02
Rambo Marine – Chattanooga,Boat Dealer / Marine Service,B,4301 SR-58 S,Chattanooga,TN,37416,(423) 900-2628,Not publicly available,rambomarine.com/locations/rambo-marine-chattanooga-tn,Not publicly available,Not publicly available,Not publicly verified,Boat/trailer sales and service fleet,Active Yelp and chamber listing,Yelp listing,Chamber of Commerce directory,2026-09-02
Crockett Powersports,Motorcycle / Powersports Dealer,A,4113 S Access Rd,Chattanooga,TN,37406,(423) 760-3670,Not publicly available,crockettpowersports.com,Not publicly available,Not publicly available,Not publicly verified,Indian/Victory dealer; delivery trucks and demo fleet vehicles,"Active official site with hours, inventory, About Us page",Company website,Cycle Trader,2026-09-02
"Loomis Armored US, LLC",Armored Car / Cash-in-Transit,A,2305 Dodson Ave Ste B,Chattanooga,TN,37406,(423) 622-6043,Not publicly available,Not publicly available,Not publicly available,Not publicly available,Not publicly verified,"Fleet of armored trucks running daily routes; heavy-duty windshields prone to chip/crack, ADAS recalibration needs",BBB and D&B company profiles both list an active branch,BBB profile,D&B profile,2026-09-02
LabCorp – Chattanooga (E 3rd St),Medical Courier / Lab,B,979 E 3rd St Ste 127,Chattanooga,TN,37403,(423) 634-1162,Not publicly available,locations.labcorp.com/tn/chattanooga,Not publicly available,Not publicly available,National chain; local courier staff,Draw site with courier routes to labs; national brand hiring local couriers,Company locations page,LinkedIn job posting for Chattanooga courier,Not publicly available,2026-09-02
Quest Diagnostics – Holtzclaw Ave,Medical Courier / Lab,B,600 N Holtzclaw Ave Ste 210,Chattanooga,TN,37404,(423) 622-9288,Not publicly available,questdiagnostics.com,Not publicly available,Not publicly available,National chain; local courier staff,Active patient service center with courier network to labs,Company locations page,Yellow Pages,Not publicly available,2026-09-02
"Express Courier International, Inc.",Medical / General Courier,A,2131 Polymer Dr Ste 107,Chattanooga,TN,37421,(423) 510-0271,Not publicly available,expressdelivers.net,Not publicly available,Not publicly available,Regional courier fleet,Same-day/medical STAT delivery courier with a daily-driving fleet,BBB profile,Yellow Pages,Not publicly available,2026-09-02
Chattanooga Home Inspector (My City Home Inspection),Home Inspection,B,5957 Dayton Blvd Ste A,Chattanooga,TN,37415,(423) 284-1510,Not publicly available,chattanoogahomeinspector.com,Not publicly available,Not publicly available,Small local fleet (inspector vehicles),42 Yelp reviews; active photos,Yelp listing,Not publicly available,Not publicly available,2026-09-02
PREIS Inspections,Home Inspection,C,2000 South Willow St,Chattanooga,TN,37404,(423) 991-8035,Not publicly available,go-preis.com,Not publicly available,Not publicly available,Not publicly verified,Home inspector vehicles travel to properties countywide,Active site with services and quote form,Company website,Not publicly available,2026-09-02
Wilder Animal Care (Mobile Vet House Calls),Mobile Veterinary Service,A,903 Ladder Trail,Signal Mountain,TN,37377,(423) 886-1747,signalmountainvet@gmail.com,wilderanimalcare.com,Not publicly available,Not publicly available,Not publicly verified,House-call veterinary practice — mobile vet vehicles are core to the business model,Active dedicated house-calls site with contact page,Company website,Mobile Vet Chattanooga listing,2026-09-02
Chattanooga Veterinary Center,Veterinary,C,6146 Lee Hwy,Chattanooga,TN,37421,(423) 648-9000,Not publicly available,chattvet.com,Not publicly available,Not publicly available,Not publicly verified,Established clinic that references a house-call option on its site,Active Yelp listing (14 reviews),Yelp listing,Company website,2026-09-02
Safe and Sound Security,Alarm / Security Installation,B,200 W. Martin Luther King Blvd,Chattanooga,TN,37402,(423) 451-8755,Not publicly available,getsafeandsound.com/locations/chattanooga,Not publicly available,Not publicly available,Not publicly verified,Commercial install/service vans dispatched citywide,Active locations page with local address/phone,Company website,Not publicly available,2026-09-02
Morgan Alarm Systems,Alarm / Security Installation,B,1004 Holland Johnson Rd,Hixson,TN,37343,(423) 332-2693,Not publicly available,morganalarmsystems.com,Not publicly available,Not publicly available,Small local fleet,Locally owned install fleet in Hixson; A+ BBB rating,BBB profile,Company website,Not publicly available,2026-09-02
Tri-State Electrical Contractors,Telecom / Low-Voltage Installation Contractor,B,2101 Fort St,Chattanooga,TN,37408,(423) 800-2134,Not publicly available,tristateec.com,Not publicly available,Not publicly available,Not publicly verified,"Structured cabling, fiber, and CCTV install fleet running daily commercial jobs","Active company site, LinkedIn, Alignable, TN NECA member listing",Company website,TN NECA member directory,2026-09-02
Five Star Breaktime Solutions (Canteen),Vending / Office Coffee Service,A,412 East 10th St Suite 108,Chattanooga,TN,37403,(423) 643-2600,Not publicly available,canteen.com/find-your-canteen/chattanooga,Not publicly available,Not publicly available,Route-driver fleet (core business model),Vending/micro-market route business running daily multi-stop delivery routes,Canteen national franchise locator,Not publicly available,Not publicly available,2026-09-02
Cintas Uniform Services,Uniform / Linen Rental,A,2131 Polymer Dr,Chattanooga,TN,37421,(423) 822-5255,Not publicly available,cintas.com/local/usa/tn/chattanooga/uniform-services,Not publicly available,Not publicly available,Large route-driver fleet (national brand),Daily route trucks delivering/picking up uniforms,Company branch page,Yellow Pages,Not publicly available,2026-09-02
Alsco Uniforms,Uniform / Linen Rental,B,2310 Rossville Blvd,Chattanooga,TN,37408,(423) 698-9998,Not publicly available,alsco.com/north-america/tn/chattanooga,Not publicly available,Not publicly available,Route-driver fleet,Same route-delivery model as Cintas; long-established regional player,Company branch page,Yellow Pages,Not publicly available,2026-09-02
Blood Assurance,Blood Bank / Mobile Blood Drive,A,705 East 4th Street,Chattanooga,TN,37403,(423) 752-5940,Not publicly available,bloodassurance.org,Not publicly available,Not publicly available,Fleet of mobile blood-drive coach buses/vans (regional nonprofit),Runs a fleet of mobile blood-drive vehicles across the region daily,Company website,Wikipedia,Not publicly available,2026-09-02
CSL Plasma,Plasma Donation Center,B,1501 Riverside Dr Suite 110,Chattanooga,TN,37406,(423) 624-5555,Not publicly available,cslplasma.com/center/010,Not publicly available,Not publicly available,Not publicly verified,National plasma-collection chain; center ships product via courier/logistics,Active company center page,Company website,Not publicly available,2026-09-02
Octapharma Plasma,Plasma Donation Center,C,3569 Brainerd Rd,Chattanooga,TN,37411,(423) 402-9434,Not publicly available,octapharmaplasma.com/plasma-donation/chattanooga-tn-133,Not publicly available,Not publicly available,Not publicly verified,National plasma-collection chain center,Active Yelp listing,Yelp listing,Company website,2026-09-02
Chattanooga Times Free Press (WEHCO Media),Newspaper / Print Distribution,A,400 East 11th Street,Chattanooga,TN,37403,(423) 756-6900,circulationcs@timesfreepress.com,timesfreepress.com,Not publicly available,Not publicly available,Daily home-delivery driver fleet (independent contractor carriers),Regional daily paper running a large daily home-delivery route fleet countywide,Company website,Wikipedia,Not publicly available,2026-09-02
Rio Grande Fence Co. of Tennessee (Chattanooga branch),Fencing,A,"14 Pryor Dr, Suite 405",Chattanooga,TN,37421,(423) 874-8700,Not publicly available,rgfence.com,Not publicly available,Not publicly available,Multiple (regional commercial fence contractor; new branch),Large commercial fence installer with a temp-fencing fleet and multiple work trucks,New-branch opening covered in press (Jan 2026); active website,Company website,Press release (Morningstar),2026-09-02
"Action Fence of Chattanooga, Inc.",Fencing,B,6425 Hixson Pike #4,Hixson,TN,37343,(423) 842-8700,Not publicly available,actionfenceofchatt.com,Not publicly available,Not publicly available,Not publicly verified,Long-established fence installer with recurring residential/commercial jobs and crew trucks,24 reviews on Yelp; BBB profile; active since 1981,Yelp listing,BBB profile,2026-09-02
All Fences Co.,Fencing,B,"4143 Ringgold Rd, Ste J",Chattanooga,TN,37412,(423) 622-9388,Not publicly available,allfences.net,Not publicly available,Not publicly available,Not publicly verified,Commercial fencing contractor serving the Hixson-to-Ooltewah corridor with work trucks,13 reviews on Yelp; D&B company profile,Yelp listing,D&B profile,2026-09-02
G & P Masonry Inc.,Masonry,C,2901 S. Orchard Knob Ave,Chattanooga,TN,Not publicly available,(865) 219-5762,Not publicly available,facebook.com/gpmasonryinc,Not publicly available,Not publicly available,Not publicly verified,Small masonry crew likely running 1-2 work trucks on job sites daily,Active Facebook business page,Facebook listing,Not publicly available,2026-09-02
A&D Masonry,Masonry,C,1013 Blanton Dr,Chattanooga,TN,37412,(423) 999-0466,Not publicly available,Not publicly available,Not publicly available,Not publicly available,Not publicly verified,Owner-operator masonry/concrete outfit with a truck on job sites,166 photos; active Yelp profile,Yelp listing,Not publicly available,2026-09-02
Masonry Specialist Corporation,Masonry,B,1417 Choate Rd,Chattanooga,TN,37412,(423) 622-2745,Not publicly available,Not publicly available,Not publicly available,Not publicly available,Not publicly verified,AGC Tennessee member; established commercial masonry contractor,AGC ETN member directory listing,AGC ETN member directory,Yellow Pages,2026-09-02
All About Concrete & Masonry,Masonry,C,3921 Woodland Dr,Ooltewah,TN,37363,(423) 208-4275,Not publicly available,Not publicly available,Not publicly available,Not publicly available,Not publicly verified,Small Ooltewah masonry/concrete outfit likely running 1-3 trucks on county roads,22 photos; active Yelp profile,Yelp listing,Not publicly available,2026-09-02
"J&J Premier Painting, Inc.",Painting Contractor,C,2529 Cedarton Ct,Chattanooga,TN,37421,(423) 362-9550,Not publicly available,Not publicly available,Not publicly available,Not publicly available,Not publicly verified,Small painting crew with vehicles moving between residential/commercial job sites,Active BBB business profile,BBB profile,Yelp listing,2026-09-02
Chattanooga Garage Door,Garage Door,B,5851 Fisk Ave,Chattanooga,TN,37421,(423) 899-3225,Not publicly available,chattanoogagaragedoors.com,Not publicly available,Not publicly available,Not publicly verified,Service techs drive daily to install/repair garage doors on commercial and residential properties since 1999,Active Yelp listing,Company website,Not publicly available,2026-09-02
Northgate Doors Inc.,Garage Door,B,4305 Bonny Oaks Dr,Chattanooga,TN,37416,(423) 855-3939,Not publicly available,northgatedoors.com,Not publicly available,Not publicly available,Not publicly verified,Garage/entry door installer with a service fleet covering greater Chattanooga,Active company website with contact page,Company website,Not publicly available,2026-09-02
Access Garage Door & More,Garage Door,C,7335 Hixson Pike,Hixson,TN,37343,(423) 212-9107,Not publicly available,accessdoorcompany.com,Not publicly available,Not publicly available,Not publicly verified,Small/independent garage door repair operation based in Hixson,Active company website,Company website,Not publicly available,2026-09-02
Overhead Door Company of Chattanooga,Garage Door,A,3500 Alton Park Blvd,Chattanooga,TN,37410,(423) 867-4354,Not publicly available,overheaddoorchattanooga.com,Not publicly available,Not publicly available,Not publicly verified,Established local branch of a recognized national brand with a larger install/service fleet,Yelp listing; Chamber of Commerce directory,Yelp listing (84 reviews),BirdEye reviews,2026-09-02
AFS Foundation & Waterproofing Specialists (Groundworks),Foundation Repair / Waterproofing,A,806 N Holtzclaw Ave,Chattanooga,TN,37404,(423) 212-8210,Not publicly available,afsrepair.com,Not publicly available,Not publicly available,Not publicly verified,Regional foundation repair branch with multiple crew trucks and equipment trailers,Company branch page,Company website,Not publicly available,2026-09-02
American Foundation Repair & Basement Waterproofing,Foundation Repair / Waterproofing,B,"200 W Martin Luther King Blvd, Ste 1000",Chattanooga,TN,37402,(423) 424-0825,Not publicly available,americanfw.com,Not publicly available,Not publicly available,Not publicly verified,Foundation/waterproofing crews with job-site trucks across the county,Yelp listing,Yelp listing,Company website,2026-09-02
58 Foundations & Waterproofing,Foundation Repair / Waterproofing,B,1523 E 27th St,Chattanooga,TN,37404,(423) 841-0062,Not publicly available,Not publicly available,Not publicly available,Not publicly available,Not publicly verified,Established regional foundation repair company with an active Yelp presence,Active Yelp listing,Yelp listing,Not publicly available,2026-09-02
Chattanooga Foundation Repair LLC,Foundation Repair / Waterproofing,C,1704 Bailey Ave,Chattanooga,TN,37404,(423) 225-9487,Not publicly available,chattanoogafoundationpros.com,Not publicly available,Not publicly available,Not publicly verified,Locally branded independent foundation repair operator,Company website,Company website,Not publicly available,2026-09-02
Lewis Foundation Repair (Lewis Construction & Waterproofing),Foundation Repair / Waterproofing,C,"8890 Hunt Rd, Ste 100",Soddy-Daisy,TN,37379,(423) 421-0664,Not publicly available,lewisfoundationrepair.com,Not publicly available,Not publicly available,Not publicly verified,Small Soddy-Daisy-based waterproofing/foundation outfit,Yelp listing,Yelp listing,Company website,2026-09-02
Chattanooga Flooring Center,Flooring,B,"5910 Shallowford Rd, Ste A",Chattanooga,TN,37421,(423) 892-3211,Not publicly available,chattanoogaflooringcenter.com,Not publicly available,Not publicly available,Not publicly verified,Retail plus installation flooring company with delivery/install vehicles,Yelp listing,Yelp listing,Company website,2026-09-02
Ooltewah Flooring Gallery,Flooring,C,"6719 Mountain View Rd, Suite 117",Ooltewah,TN,37363,(423) 521-3567,Not publicly available,ooltewahflooringgallery.com,Not publicly available,Not publicly available,Not publicly verified,Independent flooring installer serving the Ooltewah/Collegedale area,Company website,Company website,Not publicly available,2026-09-02
Tri State Flooring,Flooring,C,7328 Sawyer Rd,Signal Mountain,TN,37377,(423) 593-0116,Not publicly available,Not publicly available,Not publicly available,Not publicly available,Not publicly verified,Small Signal Mountain-based flooring installer covering hard-to-reach mountain routes,Business listing (amfibi.com),Business directory listing,Not publicly available,2026-09-02
RSW Chattanooga,Siding / Window / Door Installer,B,7610 Lee Hwy,Chattanooga,TN,37421,(423) 541-5754,Not publicly available,rswchattanooga.com,Not publicly available,Not publicly available,Not publicly verified,"Window, door, siding, and roofing installer with active install crews",Yelp listing,Yelp listing,Company website,2026-09-02
31W Insulation,Insulation,A,3211 N Orchard Knob Ave,Chattanooga,TN,37406,877-241-4563,Not publicly available,31winsulation.com,Not publicly available,Not publicly available,Not publicly verified,Larger regional insulation installer with a multi-crew truck fleet,Company website with local branch address,Company website,Not publicly available,2026-09-02
USA Insulation of Chattanooga,Insulation,B,"2300 Cannon Ave, Ste B",Chattanooga,TN,37408,(423) 417-8487,Not publicly available,usainsulation.net/chattanooga,Not publicly available,Not publicly available,Not publicly verified,Local franchise branch with dedicated install vehicles,Company website,Company website,Not publicly available,2026-09-02
Breeding Insulation Company,Insulation,C,2505 N Orchard Knob Ave,Chattanooga,TN,37406,(423) 698-8019,Not publicly available,breedinginsulationtn.com,Not publicly available,Not publicly available,Not publicly verified,Independent local insulation contractor,Company website contact page,Company website,Not publicly available,2026-09-02
SC Electric,Electrical Contractor,C,8830 Dallas Hollow Rd,Hixson,TN,37343,(423) 269-7777,Not publicly available,Not publicly available,Not publicly available,Not publicly available,Not publicly verified,Small local electrical contractor (~9 years in business) based in Hixson,Active Yelp listing,Yelp listing,Not publicly available,2026-09-02
Tower Services Inc,Electrical Contractor,C,1012 Hickory Ave,Hixson,TN,Not publicly available,(423) 843-2363,Not publicly available,Not publicly available,Not publicly available,Not publicly available,Not publicly verified,Small independent electrical contractor based in Hixson,Manta.com listing,Manta.com,Yellow Pages,2026-09-02
North River Electric,Electrical Contractor,C,8263 Oxford Dr,Hixson,TN,Not publicly available,(423) 605-0694,Not publicly available,Not publicly available,Not publicly available,Not publicly available,Not publicly verified,Small independent electrical contractor based in Hixson,Manta.com listing,Manta.com,Yellow Pages,2026-09-02
"American Air HVAC, Inc.",HVAC,B,8121 Ooltewah Georgetown Rd #106,Ooltewah,TN,37363,(423) 238-6848,Not publicly available,americanairhvac.com,Not publicly available,Not publicly available,Not publicly verified,Locally based HVAC company (not a national chain) with a commercial service division,"Yelp listing (46 photos, 15 reviews)",Yelp listing,Company website,2026-09-02
"Lee Roofing, LLC",Roofing,C,5950 Lee Hwy,Chattanooga,TN,37421,(423) 215-6365,Not publicly available,leeroofingcompany.com,Not publicly available,Not publicly available,Not publicly verified,"Small independent roofer, 25+ years experience, GAF-certified residential roofer",GAF certified contractor directory,GAF contractor directory,BBB profile,2026-09-02
"One Source Heating, Cooling, Electrical & Plumbing",HVAC / Plumbing / Electrical (multi-trade),B,7308 Shallowford Rd,Chattanooga,TN,37421,(423) 567-8877,Not publicly available,onesourceair.com,Not publicly available,Not publicly available,Not publicly verified,Multi-trade company covering the Collegedale/East Brainerd corridor with multiple service vans,Company service-area page,Company website,Not publicly available,2026-09-02
423 HVAC,HVAC,A,7219 Fairbanks Rd,Hixson,TN,37343,(423) 903-1192,Not publicly available,Not publicly available,Not publicly available,Not publicly available,Not publicly verified,HVAC service fleets run daily on windshield-chipping job sites with frequent highway/gravel-driveway exposure,Active local.yahoo listing with reviews,local.yahoo.com listing,Yelp/YP cross-listing,2026-09-02
Action Air,HVAC,A,7605 Hixson Pike,Hixson,TN,37343,(423) 842-5575,Not publicly available,callactionairtoday.com,Not publicly available,Not publicly available,Not publicly verified,Established regional HVAC brand with a dedicated service-area page and typical large van fleet,Active Yelp listing; dedicated service-area site,Yelp listing,Company website,2026-09-02
Jess Kerley Heating and Air Electrical,HVAC / Electrical,B,1716 Starboard Dr,Hixson,TN,37343,(423) 902-3301,Not publicly available,jesskerleyhvac.net,Not publicly available,Not publicly available,Not publicly verified,Combined HVAC and electrical trade means multiple technician vehicles,Active company website with contact page,Company website,Not publicly available,2026-09-02
Boundless Moving & Storage,Moving / Storage,B,"5108 Hwy 153, Ste A",Hixson,TN,37343,(423) 402-8333,Not publicly available,Not publicly available,Not publicly available,Not publicly available,Not publicly verified,Moving trucks accumulate high windshield-damage rates from highway debris,Active Yelp listing with photos and posted hours,Yelp listing,Not publicly available,2026-09-02
Tri-State Pools Hixson,Pool Service,B,5731 Highway 153,Hixson,TN,37343,(423) 870-9070,Not publicly available,tristatepoolshixson.com,Not publicly available,Not publicly available,Not publicly verified,Route-based pool techs drive daily rural/residential routes,Active company website with contact page,Company website,Yelp listing,2026-09-02
River City Pool & Spa,Pool Service,B,7319 Dayton Blvd,Hixson,TN,37343,(423) 842-5151,Not publicly available,Not publicly available,Not publicly available,Not publicly available,Not publicly verified,Route-based service vehicles on daily pool-maintenance routes,Active Yelp listing,Yelp listing,Not publicly available,2026-09-02
P&S Plumbing,Plumbing,B,1365 Osage Dr,Soddy-Daisy,TN,37379,(423) 294-1408,Not publicly available,Not publicly available,Not publicly available,Not publicly available,Not publicly verified,Emergency plumbing dispatch vehicles run daily with high mileage,BuildZoom contractor profile,BuildZoom profile,Not publicly available,2026-09-02
Precise Plumbing,Plumbing,B,2326 Stonesage Rd,Soddy-Daisy,TN,37379,(423) 843-0124,Not publicly available,Not publicly available,Not publicly available,Not publicly available,Not publicly verified,Plumbing service trucks dispatched to daily calls,Yellow Pages listing,Yellow Pages,Not publicly available,2026-09-02
Romero Roofing and Services,Roofing,B,10406 Dayton Pike,Soddy-Daisy,TN,37379,(423) 424-6817,Not publicly available,romero-roofing.com,Not publicly available,Not publicly available,Not publicly verified,Roofing crews haul trailers/ladder racks with frequent rock-chip exposure,Active company website,Company website,Yelp listing,2026-09-02
VLR Homes LLC,Roofing / Remodeling,B,11206 Hixson Pike,Soddy-Daisy,TN,37379,(423) 493-3636,Not publicly available,vlrhomes.com,Not publicly available,Not publicly available,Not publicly verified,Roofing/remodel crew trucks on daily job-site runs,Active company website,Company website,Not publicly available,2026-09-02
Legacy Funeral Home & Cremation Center,Funeral Home,B,8911 Dallas Hollow Rd,Soddy-Daisy,TN,37379,(423) 843-2525,Not publicly available,Not publicly available,Not publicly available,Not publicly available,Not publicly verified,Funeral home fleet of hearses/flower cars/family limos needing pristine glass for services,Active obituary listings on Legacy.com,Legacy.com,everloved.com,2026-09-02
Williamson & Sons Funeral Home,Funeral Home,B,8852 Dayton Pike,Soddy-Daisy,TN,37379,(423) 332-1515,Not publicly available,williamsonandsons.com,Not publicly available,Not publicly available,Not publicly verified,Fleet of service vehicles with a high-visibility appearance standard,Active company website,Company website,Carriage Services corporate page,2026-09-02
Storage Works,Self-Storage,C,"8701 Dayton Pike, Ste 101",Soddy-Daisy,TN,37379,(423) 332-8640,Not publicly available,soddydaisystorageworks.com,Not publicly available,Not publicly available,Not publicly verified,Facility trucks/carts for move-ins; lower but real fleet exposure,Active company website,Company website,Chamber of Commerce listing,2026-09-02
Twin City Self Storage,Self-Storage,C,10832 Dayton Pike,Soddy-Daisy,TN,37379,(423) 451-9933,Not publicly available,Not publicly available,Not publicly available,Not publicly available,Not publicly verified,Facility vehicles for move-ins/lot maintenance,Active Yelp listing,Yelp listing,Not publicly available,2026-09-02
Tennessee Valley Excavation,Excavation,A,8935 Grey Mountain Dr,Ooltewah,TN,37363,(423) 693-8558,Not publicly available,Not publicly available,Not publicly available,Not publicly available,Not publicly verified,Heavy equipment haulers/dump trucks run gravel job sites daily; high windshield-damage risk,Active Nextdoor business page,Nextdoor business page,Not publicly available,2026-09-02
Ooltewah Veterinary Hospital,Veterinary,B,"5243 Little Debbie Pkwy, Ste 103",Ooltewah,TN,37363,(423) 591-7387,Not publicly available,ooltewahvet.com,Not publicly available,Not publicly available,Not publicly verified,Veterinary practice with potential mobile/house-call vehicles,Company website contact page,Company website,Yelp listing,2026-09-02
Ooltewah Animal Clinic,Veterinary,C,5617 Main St,Ooltewah,TN,37363,(423) 238-5087,Not publicly available,Not publicly available,Not publicly available,Not publicly available,Not publicly verified,Standard veterinary clinic with practice vehicle(s),Active GreatPetCare listing,GreatPetCare listing,Not publicly available,2026-09-02
Animal Medical Professionals (AMP),Veterinary,B,5620 Main Street,Ooltewah,TN,37363,(423) 238-5870,Not publicly available,ampvetclinic.com,Not publicly available,Not publicly available,Not publicly verified,Multi-location practice (Ooltewah/Collegedale) implies staff/mobile vehicles,Company website,Company website,Not publicly available,2026-09-02
Northwest Exterminating,Pest Control,A,"8822 Production Ln, Ste 104",Ooltewah,TN,37363,(423) 822-5760,Not publicly available,callnorthwest.com,Not publicly available,Not publicly available,Not publicly verified,National franchise branch office with a typically large route-technician van fleet,Active Yelp listing plus branded service-area page,Yelp listing,Company website,2026-09-02
"Wolftever Dental (Brooks Pruehs, DDS)",Dental,C,"9203 Lee Hwy, Ste 16",Ooltewah,TN,37363,(423) 238-5744,Not publicly available,Not publicly available,Brooks Pruehs,Dentist/Owner,Not publicly verified,Small practice with at least one practice vehicle likely,Active PatientConnect365 profile,PatientConnect365 profile,Healthgrades,2026-09-02
Tedford Family Dentistry,Dental,C,"9380 Bradmore Lane, Ste 108",Ooltewah,TN,37363,(423) 238-8887,Not publicly available,tedfordfamilydentistry.com,Not publicly available,Not publicly available,Not publicly verified,Small practice with a low but non-zero fleet exposure,Company website contact page,Company website,Healthgrades,2026-09-02
Red Bank Electric,Electrical Contractor,A,101 Freudenburg Ln,Red Bank,TN,37415,(423) 870-2625,Not publicly available,Not publicly available,Not publicly available,Not publicly available,Not publicly verified,Electrical contractors run daily multi-truck service dispatch,Chamber of Commerce directory listing,Chamber of Commerce directory,Yelp listing,2026-09-02
Red Bank Auto Electric Inc,Auto Repair (Electrical),B,3003 Dayton Blvd,Red Bank,TN,37415,(423) 877-5215,Not publicly available,Not publicly available,Not publicly available,Not publicly available,Not publicly verified,Auto shop with its own service/loaner vehicles; referral-partner potential,Active listing with 52 reviews,autorepairscore.com listing,Yellow Pages,2026-09-02
Galloway's Lawn Service,Landscaping,B,3521 Hixson Pike,Red Bank,TN,37415,(423) 208-4430,Not publicly available,gallowayslawnservice.com,Not publicly available,Not publicly available,Not publicly verified,Route-based lawn crews running multiple trucks/trailers,Active company website,Company website,Not publicly available,2026-09-02
Broome's Wrecker Service,Towing,A,4003 Ringgold Rd,East Ridge,TN,37412,(423) 629-0253,Not publicly available,Not publicly available,Not publicly available,Not publicly available,Not publicly verified,Tow trucks constantly on highways/accident scenes; extreme windshield-damage exposure,Active listing across multiple directories,Business directory listing,noogafinder.com,2026-09-02
East Ridge Fast Lube,Auto Service,B,3208 Ringgold Rd,East Ridge,TN,37412,(423) 629-1400,Not publicly available,Not publicly available,Not publicly available,Not publicly available,Not publicly verified,Quick-lube shop likely operates a shuttle/parts vehicle,Active BBB profile,BBB profile,Yelp (24 reviews),2026-09-02
East Ridge Auto Electric Company,Auto Repair,B,4003 Ringgold Rd,East Ridge,TN,37412,(423) 629-7951,Not publicly available,Not publicly available,Not publicly available,Not publicly available,Not publicly verified,"Auto shop with service vehicles; note: shares a street address with Broome's Wrecker Service, verify co-location before outreach",Active BBB profile,BBB profile,Yelp listing,2026-09-02
Physicians Care East Ridge (Urgent Team),Urgent Care / Occupational Medicine,B,403 McBrien Rd,East Ridge,TN,37412,(423) 894-3589,Not publicly available,urgentteam.com,Not publicly available,Not publicly available,Not publicly verified,Occupational-health/DOT-exam clinic likely operates courier/mobile-testing vehicles,Active locations page,Company website,Healthgrades,2026-09-02
McKee Foods Transportation LLC,Trucking / Logistics,A,10260 McKee Road,Collegedale,TN,37315,423-238-7111,Not publicly available,Not publicly available,Not publicly available,Not publicly available,Not publicly verified,"DOT-registered carrier subsidiary of McKee Foods (Little Debbie); very large fleet, prime windshield/ADAS account",Active USDOT carrier profile,carriersource.io,roserocket.com,2026-09-02
8 Point Trucking,Trucking,B,5666 Tucker Road,Collegedale,TN,37315,423-421-5921,Not publicly available,Not publicly available,Not publicly available,Not publicly available,Not publicly verified,Independent trucking operation with regular fleet-vehicle exposure,Registered carrier listing,quicktransportsolutions.com,partnercarrier.com,2026-09-02
Teddys Transportation LLC,Trucking,B,"5006 University Dr W, Unit 1061",Collegedale,TN,37315,423-503-0258,Not publicly available,Not publicly available,Not publicly available,Not publicly available,Not publicly verified,Registered carrier with a likely multi-vehicle fleet,carriersource.io listing,carriersource.io,partnercarrier.com,2026-09-02
"Varnell Construction Company, Inc.",General Contractor,A,5719 Highway 58,Harrison,TN,37341,(423) 344-8365,Not publicly available,Not publicly available,Not publicly available,Not publicly available,Not publicly verified,Residential/commercial GC with a crew-truck fleet exposed to gravel-site conditions,BBB Business Profile,BBB profile,ezlocal.com,2026-09-02
Wall Construction Co,General Contractor,B,5732 Highway 58,Harrison,TN,37341,(423) 344-7494,Not publicly available,Not publicly available,Not publicly available,Not publicly available,Not publicly verified,General contractor with job-site vehicles,US Business directory listing,us-business.info,Not publicly available,2026-09-02
Tallent Construction,General Contractor,B,5700 Clark Rd,Harrison,TN,37341,(423) 344-5499,Not publicly available,Not publicly available,Not publicly available,Not publicly available,Not publicly verified,General contractor with job-site vehicles,US Business directory listing,us-business.info,Not publicly available,2026-09-02
Harrison Bay Boat & RV Storage,Self-Storage / Marina Services,B,7055 Harvest Run Dr,Harrison,TN,37341,(423) 580-4925,Not publicly available,harrisonbaystorage.com,Not publicly available,Not publicly available,Not publicly verified,Facility maintenance/hauling vehicles with boat-trailer-adjacent traffic exposure,Active Yelp listing (21 photos),Yelp listing,rentcafe.com,2026-09-02
Island Cove Marina,Marina,B,6667 TN-58,Harrison,TN,37341,(423) 344-8331,Not publicly available,islandcove.com,Not publicly available,Not publicly available,Not publicly verified,Marina operations vehicles/forklifts/trucks running on gravel lots,Company website contact page,Company website,findboatstorage.com,2026-09-02
"Signal Mountain Electric, LLC",Electrical Contractor,B,1136 James Boulevard,Signal Mountain,TN,37377,(423) 591-1632,Not publicly available,Not publicly available,Not publicly available,Not publicly available,Not publicly verified,Electrical service vans; BBB A+ accredited,BBB Business Profile (A+),BBB profile,electricianslist.com,2026-09-02
Broadway Electric Service Corp,Electrical Contractor,B,401 Fern Trl,Signal Mountain,TN,37377,(423) 886-7556,Not publicly available,Not publicly available,Not publicly available,Not publicly available,Not publicly verified,Electrical contractor with service vehicles,D&B business directory listing,D&B directory,Not publicly available,2026-09-02
Marispan Property Management,Property Management,C,4415 W Hassler Rd,Signal Mountain,TN,37377,(423) 886-7392,Not publicly available,Not publicly available,Not publicly available,Not publicly available,Not publicly verified,Property management firms run maintenance/inspection vehicles between properties,Active Yelp listing,Yelp listing,Not publicly available,2026-09-02
Walden Plumbing Company,Plumbing,B,4712 Wilson Avenue,Walden,TN,37377,(423) 886-5631,Not publicly available,Not publicly available,Not publicly available,Not publicly available,Not publicly verified,Family-owned plumber since 1988 with a service-truck fleet,BBB Business Profile,BBB profile,Yelp listing,2026-09-02
Walden Ridge Service Station,Gas Station / Auto Service,C,1820 Taft Hwy,Walden,TN,37377,(423) 886-2695,Not publicly available,Not publicly available,Not publicly available,Not publicly available,Not publicly verified,Service-bay operation founded 1985 implying at least one shop/tow vehicle,D&B business directory (active since 1985),D&B directory,Not publicly available,2026-09-02
Parham Landscaping,Landscaping,B,1 Irving Place,Lookout Mountain,TN,37350,(423) 825-5502,Not publicly available,Not publicly available,Not publicly available,Not publicly available,Not publicly verified,Landscape crew trucks/trailers on steep mountain terrain; high wear-and-tear glass exposure,Cylex business directory listing,Cylex directory,Not publicly available,2026-09-02
Tree Busters Tree Service,Tree Service,B,223 Leggett Rd,Sale Creek,TN,37373,(423) 503-0949,Not publicly available,treeserviceschattanooga.com,Not publicly available,Not publicly available,Not publicly verified,Tree crews run chip trucks/bucket trucks off-road on debris-strewn sites; high windshield-damage risk,Active Yelp listing,Yelp listing,Nextdoor business page,2026-09-02
Conley Towing,Towing,A,5603 Hixson Pike,Hixson,TN,37343,(423) 842-3535,Not publicly available,Not publicly available,Not publicly available,Not publicly available,Not publicly verified,24/7 towing fleet with constant windshield/road-debris exposure,Active BBB/Yellow Pages listing; 24-hr operation,Yellow Pages listing,Google Business listing,2026-09-02
Gudel's Garage and Towing,Towing / Auto Repair,A,6403 Middle Valley Rd,Hixson,TN,37343,(423) 842-8010,Not publicly available,gudelsgarageandtowing.com,Not publicly available,Not publicly available,Not publicly verified,"Combined towing and repair fleet, direct auto-glass complement",Active company website; 24/7 emergency towing,Company website,Yellow Pages,2026-09-02
Maxi Auto Service (Hixson),Auto Repair,B,5229 Hixson Pike,Hixson,TN,37343,(423) 877-5569,Not publicly available,maxicarcarehixson.com,Not publicly available,Not publicly available,Not publicly verified,Repair shop with towing referral fleet and existing auto-service customer base,Active company website with service listings,Company website,Yellow Pages,2026-09-02
"Tennessee Roofing & Construction, Inc.",Roofing / Construction,A,8427 Hixson Pike,Hixson,TN,37343,(423) 842-8826,Not publicly available,Not publicly available,Not publicly available,Not publicly available,Not publicly verified,Commercial roofing crews run multi-truck fleets on job sites since 1994,HBA Chattanooga member listing; active since 1994,Yelp listing,HBA Greater Chattanooga directory,2026-09-02
HEP Is On The Way,HVAC / Plumbing / Electrical,A,6425 Hixson Pike,Hixson,TN,37343,(423) 397-7772,Not publicly available,hepisontheway.com,Not publicly available,Not publicly available,Not publicly verified,Large regional service-van fleet (24/7 HVAC/plumbing/electrical/roofing),27 Yelp reviews; LinkedIn company page; 24/7 operation,Yelp listing,LinkedIn company page,2026-09-02
L&B Lawn & Landscaping,Landscaping,B,"5928 Hixson Pike, Suite A #113",Hixson,TN,37343,(423) 715-3751,Not publicly available,lblawnlandscaping.com,Not publicly available,Not publicly available,Not publicly verified,Commercial/residential landscaping trucks and trailers exposed to debris,Licensed/insured company site,Company website,Yellow Pages,2026-09-02
Northwest Exterminating (Hixson),Pest Control,A,1906 Hamill Rd,Hixson,TN,37343,(423) 877-0111,Not publicly available,northwestexterminating.com,Not publicly available,Not publicly available,Not publicly verified,Regional pest control branch runs a daily route-service van fleet,13 Yelp reviews; active branch office,Yelp listing,BBB category listing,2026-09-02
Peak Pest Control,Pest Control,B,5906 Cassandra Smith Rd,Hixson,TN,37343,(423) 386-5721,Not publicly available,Not publicly available,Not publicly available,Not publicly available,Not publicly verified,Route-based service vehicles with likely daily rural-road mileage,Active Yelp business listing,Yelp listing,Facebook business page,2026-09-02
Harvey's Plumbing,Plumbing,A,8003 Hixson Pike,Hixson,TN,37343,(423) 842-0998,Not publicly available,Not publicly available,Not publicly available,Not publicly available,Not publicly verified,Emergency plumbing service trucks running daily calls,Yelp listing with posted hours,Yelp listing,Yellow Pages,2026-09-02
Precise Plumbing (Hixson),Plumbing,B,"8011 Hixson Pike, Ste B",Hixson,TN,37343,(423) 843-0124,Not publicly available,preciseplumbing.com,Not publicly available,Not publicly available,Not publicly verified,Service-van fleet for residential/commercial plumbing calls,Active company website,Yelp listing,Company website,2026-09-02
Ray's Plumbing,Plumbing,B,6921 Middle Valley Rd #105,Hixson,TN,37343,(423) 421-6341,raysplumbingchattanooga@gmail.com,rayplumbingchattanooga.com,Not publicly available,Not publicly available,Not publicly verified,24/7 emergency plumbing means high daily mileage on service vans,Published business email and active site,Company website,Yellow Pages,2026-09-02
Hixson Pike Dental,Dental Practice,C,5109 Skillern Dr,Hixson,TN,37343,(423) 842-2420,Not publicly available,hixsonpikedental.com,Not publicly available,Not publicly available,Not publicly verified,Practice vehicle(s) for staff/courier runs; strong local B2B referral potential,Active practice website with services listed,Company website,CareCredit provider listing,2026-09-02
True Dental - Hixson,Dental Practice,C,"4513 Hixson Pike, Ste 103",Hixson,TN,37343,(423) 875-6778,Not publicly available,Not publicly available,Not publicly available,Not publicly available,Not publicly verified,Local practice; potential referral/networking prospect,Yelp listing with 21 photos,Yelp listing,patientconnect365.com listing,2026-09-02
North River Church,Church,B,5954 Highway 153,Hixson,TN,37343,(423) 870-8397,Not publicly available,northrivercma.org,Not publicly available,Not publicly available,Not publicly verified,Congregation vans/buses for ministry transport,Active church website,Company website,ChurchFinder.com directory,2026-09-02
Christian Brothers Automotive Hixson,Auto Repair,A,5595 Hixson Pike,Hixson,TN,37343,(423) 403-3678,Not publicly available,cbac.com/hixson,Not publicly available,Not publicly available,Not publicly verified,Franchise auto shop with loaner/shuttle vehicles; natural glass-referral partner,Active franchise location page,Company website,Yellow Pages,2026-09-02
Graham Auto Repair,Auto Repair,B,"8615 Hixson Pike, Ste 104",Hixson,TN,37343,(423) 498-4163,Not publicly available,Not publicly available,Not publicly available,Not publicly available,Not publicly verified,Independent repair shop; potential subcontract/referral partner,Active Facebook business page,Facebook business page,Yellow Pages,2026-09-02
S&S Auto Repair,Auto Repair,B,4606 Hixson Pike,Hixson,TN,37343,(423) 206-2702,Not publicly available,Not publicly available,Not publicly available,Not publicly available,Not publicly verified,Established shop with active reviews; possible glass-referral partner,Yelp listing with active reviews,Yelp listing,autorepairscore.com listing,2026-09-02
Protech Automotive,Auto Repair,B,"6462 Hixson Pike, Ste 100",Hixson,TN,37343,(423) 847-9727,Not publicly available,protechauto.mechanicnet.com,Not publicly available,Not publicly available,Not publicly verified,Independent repair shop; potential glass-referral partner,Active MechanicNet business site,Company website,Yellow Pages,2026-09-02
Hixson Auto Sales,Used Car Dealer,B,5469 Hixson Pike,Hixson,TN,37343,(423) 847-6530,Not publicly available,Not publicly available,Not publicly available,Not publicly available,Not publicly verified,Dealer lot inventory frequently needs windshield replacement before resale,Active Yelp listing,Yelp listing,Yellow Pages,2026-09-02
Car-Mart of Hixson,Used Car Dealer,A,4517 Hixson Pike,Hixson,TN,37343,(423) 954-0147,Not publicly available,car-mart.com,Not publicly available,Not publicly available,Not publicly verified,National used-car chain location; recon/reconditioning needs include glass,Active Yelp listing,Yelp listing,Yellow Pages,2026-09-02
Motivated Movers,Moving Company,A,5510 TN Highway 153,Hixson,TN,37343,(423) 994-0529,Not publicly available,Not publicly available,Not publicly available,Not publicly available,Not publicly verified,Moving truck fleet exposed to daily road/highway debris,Active Nextdoor business page,Nextdoor business page,Yellow Pages,2026-09-02
WesHauls,Moving / Delivery,B,"5450 Hwy 153, Ste 126, Unit 1150",Hixson,TN,37343,(423) 596-8237,Not publicly available,Not publicly available,Not publicly available,Not publicly available,Not publicly verified,Hauling/delivery vehicles on regular routes,Active Yelp listing,Yelp listing,Yellow Pages,2026-09-02
Home Pros Painting,Painting Contractor,B,7710 Hixson Pike,Hixson,TN,37343,(423) 320-6303,Not publicly available,Not publicly available,Not publicly available,Not publicly available,Not publicly verified,Crew trucks/trailers for commercial/residential/industrial paint jobs,Active Facebook business page,Facebook business page,Business directory listing,2026-09-02
Chattanooga Paint & Decorating,Paint Supplier / Retail,B,5529 Hixson Pike,Hixson,TN,37343,(423) 843-9281,Not publicly available,chattanoogapaint.com,Not publicly available,Not publicly available,Not publicly verified,Supply/delivery vehicles for contractor accounts,BBB profile,BBB profile,Company website,2026-09-02
Lawson Electric Co,Electrical Contractor,A,6246 Dayton Blvd,Hixson,TN,37343,(423) 267-5471,Not publicly available,Not publicly available,Not publicly available,Not publicly available,Not publicly verified,Electrical service van fleet with daily job-site travel,Business directory listing,Business directory listing,BBB category listing,2026-09-02
Grant-Neil Electric,Electrical Contractor,A,6117 Dayton Blvd,Hixson,TN,37343,(423) 843-3391,Not publicly available,Not publicly available,Not publicly available,Not publicly available,Not publicly verified,Established electrical contractor with review history; likely multi-van fleet,BuildZoom contractor profile,BuildZoom profile,Yellow Pages,2026-09-02
Physicians Care Walk-in Clinic - Hixson,Urgent Care / Medical,C,4490 Hixson Pike,Hixson,TN,37343,(423) 875-0700,Not publicly available,urgentteam.com,Not publicly available,Not publicly available,Not publicly verified,Regional urgent-care chain location; local referral-network prospect,Yelp listing (23 reviews),Yelp listing,Company website,2026-09-02
Hixson Elementary School,Public School (Hamilton County Schools),C,5950 Winding Ln,Hixson,TN,37343,(423) 870-0621,Not publicly available,hes.hcde.org,Not publicly available,Not publicly available,Not publicly verified,School bus fleet operates daily on district routes,Active school website,Company website,NCES school directory,2026-09-02
Hawaiian Bros,Restaurant / Delivery,C,5118 Hixson Pike,Hixson,TN,37343,(423) 471-4811,Not publicly available,hawaiianbros.com,Not publicly available,Not publicly available,Not publicly verified,In-house delivery and catering vehicles on daily routes,Active location page,Company website,Not publicly available,2026-09-02
Chicken Salad Chick - Hixson,Restaurant / Catering,C,5100 Hixson Pike,Hixson,TN,37343,(423) 668-0098,Not publicly available,chickensaladchick.com,Not publicly available,Not publicly available,Not publicly verified,Catering delivery vehicles on daily local routes,Active location page,Company website,Not publicly available,2026-09-02
Bibas Italian Restaurant,Restaurant / Catering,C,5918 Hixson Pike,Hixson,TN,37343,(423) 843-0001,Not publicly available,italianrestauranthixson.com,Not publicly available,Not publicly available,Not publicly verified,Catering vehicle(s) for off-site events,Company website,Company website,Yellow Pages / local directory,2026-09-02
Integrity Service Heating & Cooling LLC,HVAC Contractor,A,106 Karen Dr,Soddy-Daisy,TN,37379,(423) 356-8282,Not publicly available,integrityheatandcool.com,Not publicly available,Not publicly available,Not publicly verified,Service trucks in the field daily for HVAC calls; high windshield-chip exposure,Active website with service booking,Company website,HVAC directory listing,2026-09-02
Soddy Daisy MountainView Heating & Cooling,HVAC Contractor,A,122 Harrison Ln,Soddy-Daisy,TN,37379,(423) 520-8099,Not publicly available,soddydaisymountainviewheatingcooling.com,Not publicly available,Not publicly available,Not publicly verified,Local HVAC dispatch fleet with a same-day service model similar to prospect's own,Active service website,Company website,Chamber of Commerce directory,2026-09-02
All Around Heating and Air,HVAC Contractor,A,1000 Falcon Run Dr,Soddy-Daisy,TN,37379,(423) 760-1273,Not publicly available,aaheatingandairtn.com,Not publicly available,Not publicly available,Not publicly verified,Residential/commercial HVAC service vehicles running daily routes,Active website with service area pages,Company website,Business directory listing,2026-09-02
Elite Heating & Air,HVAC Contractor,A,12816 Old Dayton Pike,Soddy-Daisy,TN,37379,(423) 451-2001,Not publicly available,Not publicly available,Not publicly available,Not publicly available,Not publicly verified,Field-service HVAC company likely running a multi-van fleet,Active chamber directory listing,Chamber of Commerce directory,BBB category page,2026-09-02
Allied Electrical & Control,Electrical Contractor,A,8800 Consolidated Dr,Soddy-Daisy,TN,37379,(423) 877-7421,Not publicly available,Not publicly available,Not publicly available,Not publicly available,Not publicly verified,Commercial/industrial electrical contractor with service trucks,BBB business profile,BBB profile,Manta.com listing,2026-09-02
Cordell's Electric,Electrical Contractor,A,104 Thrasher Pike,Soddy-Daisy,TN,37379,(423) 842-0676,Not publicly available,Not publicly available,Not publicly available,Not publicly available,Not publicly verified,Residential/commercial electrician with a likely service van fleet,Active Nextdoor business page,Nextdoor business page,Yellow Pages,2026-09-02
Crider Landscaping,Landscaping,A,1645 Wendy Circle,Soddy-Daisy,TN,37379,(423) 708-5646,Not publicly available,Not publicly available,Not publicly available,Not publicly available,Not publicly verified,Landscaping crews run trucks/trailers on rough terrain; high glass-damage rate,Listed on Yellow Pages with reviews,Yellow Pages listing,Not publicly available,2026-09-02
Nooga Lawn and Landscaping,Landscaping,A,8414 Gulf View Dr,Soddy-Daisy,TN,37379,(423) 637-6874,Not publicly available,Not publicly available,Not publicly available,Not publicly available,Not publicly verified,Landscape crew trucks/trailers with rock and debris exposure to windshields,Active Birdeye reviews profile,Birdeye reviews,Chamber of Commerce directory,2026-09-02
L H Lewis Tree Service,Tree Service,A,8307 Dayton Pike,Soddy-Daisy,TN,37379,(423) 843-3593,Not publicly available,Not publicly available,Not publicly available,Not publicly available,Not publicly verified,33 years in business; tree/chipper trucks highly prone to windshield damage,Long operating history cited,Yellow Pages listing,Manta.com listing,2026-09-02
S & H Tree Service,Tree Service,A,208 Daisy Ave,Soddy-Daisy,TN,37379,(423) 451-0437,Not publicly available,Not publicly available,Not publicly available,Not publicly available,Not publicly verified,Tree removal/chipping trucks with very high rock-strike/glass-damage risk,Active Yelp business listing,Yelp listing,homeyou.com listing,2026-09-02
Manzano Masonry,Masonry / Concrete,A,124 Harrison Ln,Soddy-Daisy,TN,37379,(423) 298-8859,Not publicly available,Not publicly available,Not publicly available,Not publicly available,Not publicly verified,Masonry trucks hauling stone/block material; frequent rock-chip exposure,"Yelp listing with 41 photos, active reviews",Yelp listing,Not publicly available,2026-09-02
Nooga Door Company,Garage Door Installation / Repair,A,8857 Dayton Pike,Soddy-Daisy,TN,37379,(423) 842-5098,Not publicly available,Not publicly available,Not publicly available,Not publicly available,Not publicly verified,Install/repair techs drive daily routes carrying door panels and parts,Yelp listing with 15 photos,Yelp listing,pr.business listing,2026-09-02
Hazelwood Painting,Painting Contractor,B,1235 Thatcher Rd,Soddy-Daisy,TN,37379,(423) 802-1379,Not publicly available,Not publicly available,Not publicly available,Not publicly available,Not publicly verified,Crew trucks/trailers running job sites daily,Listed on BBB Soddy-Daisy painting category,BBB category page,Yellow Pages,2026-09-02
Chattanooga Professional Painters,Painting Contractor,B,8006 Freeport Dr,Soddy-Daisy,TN,37379,(423) 842-3008,Not publicly available,Not publicly available,Not publicly available,Not publicly available,Not publicly verified,Commercial/residential painting crew fleet,Active directory listing,Business directory listing,Not publicly available,2026-09-02
Wilkey Roofing,Roofing Contractor,A,317 Walnut Cir,Soddy-Daisy,TN,37379,(423) 332-6710,Not publicly available,Not publicly available,Not publicly available,Not publicly available,Not publicly verified,Roofing crews haul ladders/material trucks over debris-strewn job sites,Active Yelp business listing,Yelp listing,Not publicly available,2026-09-02
Petra Roofing & Siding,Roofing / Siding Contractor,A,10903 Daffodil Cir,Soddy-Daisy,TN,37379,(423) 593-1816,Not publicly available,Not publicly available,Not publicly available,Not publicly available,Not publicly verified,Roofing/siding crew trucks with high rock-chip exposure,Listed in TheBlueBook ProView contractor directory,TheBlueBook listing,Not publicly available,2026-09-02
Harbor Lights Marina,Marina / Boat Services,A,9680 Hixson Pike,Soddy-Daisy,TN,37379,(423) 842-5391,Not publicly available,harborlightsmarinatn.com,Not publicly available,Not publicly available,Not publicly verified,"Full-service marina with fuel dock, rental fleet, and staff/service trucks on Chickamauga Lake",Active website; Facebook page; Carefree Boat Club partner,Company website,Facebook page,2026-09-02
Daisy Feed & Seed Company,Agricultural Supply / Garden Center,B,9554 Dayton Pike,Soddy-Daisy,TN,37379,(423) 332-2481,Not publicly available,Not publicly available,Not publicly available,Not publicly available,Not publicly verified,Feed/seed store likely running delivery trucks for bulk agricultural products,Active Yelp listing,Yelp listing,Yellow Pages,2026-09-02
Tractor Supply Co. #176,Farm / Ranch Retail,B,222 Sequoyah Rd,Soddy-Daisy,TN,37379,(423) 332-5434,Not publicly available,tractorsupply.com,Not publicly available,Store Manager (name not published),Not publicly verified,National chain store with local delivery/curbside fleet vehicles,Official Tractor Supply store locator page,Company website,Not publicly available,2026-09-02
R&A Catering,Catering,B,1983 Breeze Dr,Soddy-Daisy,TN,37379,(423) 598-8855,Not publicly available,Not publicly available,Not publicly available,Not publicly available,Not publicly verified,Catering vans making frequent delivery runs,Yelp listing with 29 photos,Yelp listing,Nextdoor business page,2026-09-02
Shuford's Smokehouse,Restaurant / BBQ with Catering,B,11320 Dayton Pike,Soddy-Daisy,TN,37379,(423) 451-7102,Not publicly available,roostcafeandbistro.com/shufords-smokehouse-soddy-daisy-37379,Not publicly available,Not publicly available,Not publicly verified,Smokehouse/catering operation likely running a delivery/catering vehicle,Listed on affiliated restaurant group site,Company website,Not publicly available,2026-09-02
"Soddy Daisy Speed Shop and Auto Repair, LLC",Auto Repair,B,9632 Dayton Pike #102,Soddy-Daisy,TN,37379,(423) 667-8560,Not publicly available,soddyspeed.com,Not publicly available,Not publicly available,Not publicly verified,Auto shop with shuttle/loaner and shop vehicles; also referral-partner potential,81 reviews on autorepairscore.com,Company website,autorepairscore.com listing,2026-09-02
Andy's Automotive,Auto Repair,B,8644 El Dee Ln,Soddy-Daisy,TN,37379,(423) 785-6189,Not publicly available,Not publicly available,Not publicly available,Not publicly available,Not publicly verified,Auto shop with shop/loaner vehicles; potential referral partner for glass work,Active Yelp listing,Yelp listing,Not publicly available,2026-09-02
ETN Cleaning Services,Commercial / Residential Cleaning,B,8890 Hunt St STE 200,Soddy-Daisy,TN,37379,(423) 883-7978,Not publicly available,Not publicly available,Not publicly available,Not publicly available,Not publicly verified,Cleaning crews driving multiple routes daily across Hamilton County,BBB A-rating profile,BBB profile,Not publicly available,2026-09-02
First Presbyterian Church (Soddy-Daisy),Church,B,10612 Dayton Pike,Soddy-Daisy,TN,37379,(423) 332-2327,Not publicly available,pcusa.org/congregation/first-church-soddy-daisy-tn,Not publicly available,Not publicly available,Not publicly verified,Congregation likely operates outreach/shuttle vans,Listed on PCUSA national denomination directory,PCUSA directory,Not publicly available,2026-09-02
Daisy Church of God,Church,B,9555 Dayton Pike,Soddy-Daisy,TN,37379,(423) 332-2558,Not publicly available,daisychurchofgod.net,Not publicly available,Not publicly available,Not publicly verified,Church van/bus fleet potential for member transport,Active church website,Company website,Yellow Pages,2026-09-02
Soddy Church of Christ,Church,B,11665 Hixson Pike,Soddy-Daisy,TN,37379,(423) 332-1418,Not publicly available,soddychurchofchrist.org,Not publicly available,Not publicly available,Not publicly verified,Church van/bus fleet potential,Active church website,Company website,Yellow Pages,2026-09-02
Holy Spirit Catholic Church,Church,B,10768 Dayton Pike,Soddy-Daisy,TN,37379,(423) 332-5300,Not publicly available,holyspiritsoddydaisy.com,Not publicly available,Not publicly available,Not publicly verified,Parish likely runs outreach/school-affiliated vehicles,Active parish website with contact page,Company website,Not publicly available,2026-09-02
Soddy Daisy First Baptist Church,Church,B,10185 Dayton Pike,Soddy-Daisy,TN,37379,(423) 332-2814,Not publicly available,fbcsoddydaisy.com,Not publicly available,Not publicly available,Not publicly verified,Large Baptist congregation; common to operate bus ministry,Active website with staff/service-times pages,Company website,Not publicly available,2026-09-02
Soddy Daisy Smiles (Drs. Mandy & Robert Shearer),Dental Practice,C,9759 Dayton Pike,Soddy-Daisy,TN,37379,(423) 332-5275,Not publicly available,soddydaisysmiles.com,Dr. Mandy Shearer / Dr. Robert Shearer,Dentists (Owners),Not publicly verified,"Low fleet need, but referral/networking value in the local business community",11 reviews on Yelp,Yelp listing,Company website,2026-09-02
Northpoint Dental Company,Dental Practice,C,"124 Harrison Lane, Suite 100",Soddy-Daisy,TN,37379,(423) 454-1935,Not publicly available,northpointdentalco.com,Not publicly available,Not publicly available,Not publicly verified,"Low fleet need, referral/networking value only",Active practice website with hours,Company website,Not publicly available,2026-09-02
Fast Pace Health Urgent Care (Soddy-Daisy),Urgent Care Clinic,C,9325 Dayton Pike,Soddy-Daisy,TN,37379,(423) 451-4018,Not publicly available,fastpacehealth.com,Not publicly available,Not publicly available,Not publicly verified,Regional chain clinic; low direct fleet relevance but high foot traffic for referrals,"1,228 reviews on Birdeye",Birdeye reviews,Company website,2026-09-02
Sto A Way Storage (U-Haul Neighborhood Dealer),Self-Storage / Truck Rental,C,"136 Bean St, Unit A",Soddy-Daisy,TN,37379,(423) 243-3067,Not publicly available,uhaul.com/Locations/Truck-Rentals-near-Soddy-Daisy-TN-37379/029022/,Not publicly available,Not publicly available,Not publicly verified,Rental truck fleet on-site; possible partnership for windshield service on rental units,Official U-Haul location page,Company website,Not publicly available,2026-09-02
Collegedale Exxon,Auto Repair / Towing / Gas Station,A,9416 Apison Pike,Collegedale,TN,37315,(423) 396-3863,Not publicly available,collegedaleexxon.com,Not publicly available,Not publicly available,Not publicly verified,Auto repair/towing shop; natural referral partner for windshield damage found during service/inspections,Active site with service menu including towing; 14 Yelp reviews,Company website,Yelp listing,2026-09-02
Southern Auto Care,Auto Repair,A,4961 Colcord Dr,Collegedale,TN,37315,(423) 719-4014,Not publicly available,Not publicly available,Not publicly available,Not publicly available,Not publicly verified,Independent repair shop with referral/partnership potential for windshield replacement overflow,Active Yelp/CARFAX listing with reviews and posted hours,Yelp listing,CARFAX reviews page,2026-09-02
Life Care Center of Collegedale,Skilled Nursing / Rehab Facility,A,9210 Apison Pike,Collegedale,TN,37315,(423) 396-2182,Not publicly available,lifecarecenterofcollegedale.com,Not publicly available,Not publicly available,Not publicly verified,124-bed facility likely operating resident transport van(s) exposed to lot damage and road debris,City of Collegedale official business directory,City business directory,SeniorHousingNet facility listing,2026-09-02
Southern Adventist University – Plant Services / Transportation,Higher Education – Facilities & Fleet Operations,A,10101 Park Lane,Collegedale,TN,37315,(423) 236-2000,plantservice@southern.edu,southern.edu/administration/plant-services,Barry Becker,Transportation Services Director,Not publicly verified,"University-owned maintenance trucks, grounds vehicles, and campus shuttles are constant candidates for windshield chips/cracks; large institutional buyer",Official Plant Services contact page,Company website,Chamber of Commerce / Adventist Yearbook listing,2026-09-02
Southern Adventist University – Dining Services,Higher Education – Food Service,B,4881 Taylor Circle,Collegedale,TN,37315,(423) 236-2708,Not publicly available,southern.edu/food,Not publicly available,Not publicly available,Not publicly verified,Campus dining operations often run delivery/catering vehicles between kitchen and dining venues,Official food services contact page,Company website,Chamber of Commerce directory,2026-09-02
Collegedale Academy,K-12 Private School,A,4855 College Dr E,Collegedale,TN,37315,(423) 396-2124,Not publicly available,Not publicly available,Not publicly available,Not publicly available,Not publicly verified,K-12 school with a likely bus/van fleet for transport and athletics; gravel-route exposure,Active Yelp business listing,Yelp listing,Chattanooga Area Chamber of Commerce directory,2026-09-02
Kiddie Kampus,Child Care / Daycare,B,4829 College Dr E,Collegedale,TN,37315,(423) 396-9253,Not publicly available,Not publicly available,Not publicly available,Not publicly available,Not publicly verified,Long-running licensed daycare center likely running a van for field trips/pickup,Active listing with posted hours,Business directory listing,Daycare directory listing,2026-09-02
McKee Foods Bakery Store (Little Debbie Bakery Store),Bakery Retail / Food Distribution,B,9515 Apison Pike,Collegedale,TN,37315,(423) 238-2205,Not publicly available,mckeefoods.com/our-bakery-stores,Not publicly available,Not publicly available,Not publicly verified,Retail storefront tied to McKee Foods' local delivery/restocking activity,City of Collegedale official business directory,City business directory,McKee Foods corporate bakery store list,2026-09-02
Village Market,Grocery Store,B,5002 University Dr,Collegedale,TN,37315,(423) 236-2300,Not publicly available,vmcollegedale.com,Not publicly available,Not publicly available,Not publicly verified,Community grocery serving SAU/Collegedale with potential stocking/delivery vehicle exposure,BBB business profile,BBB profile,Yelp listing,2026-09-02
College Press (CP Publishing LLC),Commercial Printing / Publishing,B,4981 Colcord Dr,Collegedale,TN,37315,(423) 396-2164,Not publicly available,cplitho.com,Not publicly available,Not publicly available,Not publicly verified,Commercial print/publishing operation likely running delivery vehicles for print jobs and packaging materials,BBB business profile,BBB profile,City of Collegedale business directory,2026-09-02
Collegedale Quick Print,Print Shop,C,5010 University Dr,Collegedale,TN,37315,(423) 236-2861,Not publicly available,Not publicly available,Not publicly available,Not publicly available,Not publicly verified,Small local print shop with limited but plausible delivery vehicle use,Yellow Pages listing,Yellow Pages listing,Not publicly available,2026-09-02
"Solutions Pharmacy, Inc.",Compounding Pharmacy,B,5517 Little Debbie Pkwy,Collegedale,TN,37315,(423) 894-3222,Not publicly available,solutionspharmacy.com,Not publicly available,Not publicly available,Not publicly verified,Specialty/compounding pharmacies often run local delivery routes,City of Collegedale official business directory,City business directory,Company website,2026-09-02
"Collegedale Medical Center, PC (Dr. David Winters, DO)",Family Medicine Practice,C,9310 Apison Pike,Collegedale,TN,37315,(423) 396-2136,Not publicly available,Not publicly available,Dr. David R. Winters,Physician / Practice Owner,Not publicly verified,Established family practice with a low but plausible fleet need for a staff/courier vehicle,Active Yelp listing,Yelp listing,Wellness.com practice profile,2026-09-02
Collegedale Credit Union,Credit Union / Financial Services,C,5046 University Dr,Collegedale,TN,37315,(423) 396-2101,Not publicly available,collegedale.org,Not publicly available,Not publicly available,Not publicly verified,Local financial institution with minimal but possible courier/ATM-service vehicle exposure,Official contact page,Company website,Yelp listing,2026-09-02
Joy Chiropractic Clinic,Chiropractic Practice,C,"9413 Apison Pike, Suite 122",Collegedale,TN,37315,(423) 298-1488,Not publicly available,drjoychiropractic.com,Dr. Joy-Lynn Norris,Owner / Chiropractor,Not publicly verified,Small practice with limited fleet exposure but a valid local business contact,BBB business profile,BBB profile,Company website,2026-09-02
Collegedale Coin Laundry,Laundromat,C,5032 Ooltewah-Ringgold Rd,Collegedale,TN,37315,(423) 227-9926,Not publicly available,collegedalecoinlaundry.com,Not publicly available,Not publicly available,Not publicly verified,Unattended coin laundry with no fleet expected but a valid local business contact,City of Collegedale official business directory,City business directory,Yelp listing,2026-09-02
T.H.I. Electrical Contractors LLC,Electrical Contractor,A,950 Signal Rd,Signal Mountain,TN,37377,(423) 280-0251,Not publicly available,Not publicly available,Not publicly available,Not publicly available,Not publicly verified,Electrical contractors run daily service-truck routes on rough mountain roads; high windshield-chip/crack exposure,Active listing with reviews on Birdeye/Yelp,BBB electrician category,Bizapedia LLC registration,2026-09-02
"Mountain City Service, Inc. (HVAC & Plumbing)",HVAC / Plumbing Contractor,A,2408 Taft Hwy,Signal Mountain,TN,37377,(423) 801-1016,Not publicly available,facebook.com/MountainCityService,Johnnie Rutledge / Eric Bryant,Owners,Not publicly verified,Multi-technician HVAC/plumbing outfit with daily dispatched trucks; BBB-accredited since 2015,BBB accredited profile; active Facebook page,BBB profile,Angi reviews listing,2026-09-02
"D & G Roofing Specialists, LLC",Roofing Contractor,A,6850 Sawyer Rd,Signal Mountain,TN,37377,(423) 877-5716,Not publicly available,dgroofingco.com,Not publicly available,Not publicly available,Not publicly verified,Roofing crews use multiple trucks/trailers for job sites; high exposure to debris/rock chips,BBB profile; HBA of Greater Chattanooga member listing,BBB profile,HBA member directory,2026-09-02
Signal Tree and Dirt Services,Tree Service,A,119 Short Creek Rd,Signal Mountain,TN,37377,(423) 413-2150,Not publicly available,Not publicly available,Not publicly available,Not publicly available,Not publicly verified,Tree service trucks/chippers operate on unpaved/wooded sites; very high windshield damage risk,Active Yelp listing with reviews,Yelp listing,Business directory listing,2026-09-02
Signal Mountain Nursery,Landscaping / Nursery & Garden Center,B,1100 Hubbard Rd,Signal Mountain,TN,37377,(423) 886-3174,Not publicly available,signalmtnnursery.com,Not publicly available,Third-generation family owners (names not publicly listed),Not publicly verified,76-year operating nursery growing/delivering plants on-site; likely owns delivery trucks,Yelp (15 reviews); active Facebook page; own website,Yelp listing,Yellow Pages,2026-09-02
Signal Pest Control (Signal Mountain Pest Control),Pest Control,A,54 Miller Cove Rd,Signal Mountain,TN,37377,(423) 498-4840,info@signalpest.com,signalmountainpestcontrol.com,Not publicly available,Not publicly available,Not publicly verified,Route-based pest techs driving daily across the mountain and into north Georgia,Active Yelp listing (51 photos); Manta listing,Yelp listing,Manta business listing,2026-09-02
Signal Mountain Cleaners,Dry Cleaning / Laundry,B,821 Mississippi Ave,Signal Mountain,TN,37377,(423) 886-1371,Not publicly available,Not publicly available,Nanci Kelly,Owner,Not publicly verified,Long-running local business (since 1958); possible pickup/delivery route vehicle,BBB profile (A+ rating),BBB profile,Birdeye reviews,2026-09-02
CR Paint Inc,Painting Contractor,A,1506 Layton Ln,Signal Mountain,TN,37377,(423) 779-7907,Not publicly available,Not publicly available,Not publicly available,Not publicly available,Not publicly verified,Painting crews travel to multiple job sites daily with loaded trucks,Active Yelp listing,Yelp listing,Business directory listing,2026-09-02
Elder's Ace Hardware,Hardware Store,B,2000 Taft Hwy,Signal Mountain,TN,37377,(423) 517-0177,Not publicly available,Not publicly available,Not publicly available,Not publicly available,Not publicly verified,Ace Hardware locations commonly run delivery trucks and curbside/contractor-delivery service,Yelp listing; Benjamin Moore store locator listing,Yelp listing,Benjamin Moore store locator,2026-09-02
Mountain Service Imports,Auto Repair,B,800 Signal Mountain Blvd,Signal Mountain,TN,37377,(423) 886-2414,Not publicly available,Not publicly available,Not publicly available,Not publicly available,Not publicly verified,Auto repair shop with loaner/shuttle/tow vehicles; potential referral partner for glass replacement overflow,BBB Business Profile (Auto Repair category),BBB profile,Yelp listing,2026-09-02
Maples Automotive,Auto Repair,B,462 Miller Rd,Signal Mountain,TN,37377,(423) 596-9384,Not publicly available,Not publicly available,Not publicly available,Not publicly available,Not publicly verified,Independent auto shop likely running shop/tow vehicles; possible referral partner,Yelp listing (13 photos),Yelp listing,Business directory listing,2026-09-02
"Welch Dental Center, PLLC",Dental Practice,C,1408 James Blvd,Signal Mountain,TN,37377,(423) 886-3649,Not publicly available,welchdds.com,"Larry G. Welch, DDS / Jonathan R. Welch, DDS",Dentists / Owners,Not publicly verified,"Established multi-dentist practice; decision-makers are local business owners, good relationship/referral prospect",BBB profile; ADA Find-a-Dentist listing,BBB profile,ADA Find a Dentist,2026-09-02
Sawrie Family Dentistry,Dental Practice,C,"1807 Taft Hwy, Suite 4",Signal Mountain,TN,37377,(423) 777-4393,Not publicly available,sawriedental.com,Not publicly available,Not publicly available,Not publicly verified,Local practice owner is a potential decision-maker for staff-vehicle service and referrals,Practice's own About page,Company website,Business directory listing,2026-09-02
Gipsy Gourmet Catering,Catering / Restaurant,B,"1309 Taft Hwy, Ste 139",Signal Mountain,TN,37377,(423) 250-3039,Not publicly available,Not publicly available,Not publicly available,Not publicly available,Not publicly verified,"Catering business requires delivery vehicles making frequent runs, higher chip/crack exposure",Active Yelp caterer listing,Yelp listing,Business directory listing,2026-09-02
Pruett's Market,Grocery Store,B,1210 Taft Hwy,Signal Mountain,TN,37377,(423) 886-2044,Not publicly available,pruettsmarket.com,Not publicly available,Not publicly available,Not publicly verified,Community grocery chain location likely using delivery/supply vehicles between stores,Own multi-location website,Company website,Business directory listing,2026-09-02
Educare Day Care & Learning Center,Child Care / Daycare,B,4305 Taft Hwy,Signal Mountain,TN,37377,(423) 517-0065,Not publicly available,Not publicly available,Not publicly available,Not publicly available,Not publicly verified,Child care centers commonly operate a van for field trips/transport,Yelp listing; TN DHS active provider directory,Yelp listing,TN Dept. of Human Services provider directory,2026-09-02
Signal Mountain Presbyterian Church,Religious Organization / School (Presbyterian Day School),B,612 James Blvd,Signal Mountain,TN,37377,(423) 886-2190,Not publicly available,signalpres.org,Not publicly available,Not publicly available,Not publicly verified,Large congregation with an attached preschool ministry; likely operates van(s) for ministry/transport,Own website; active Facebook/LinkedIn pages,Chamber of Commerce directory,Yelp listing,2026-09-02
Lookout Mountain Dental,Dental Practice,C,120 N Watauga Ln,Lookout Mountain,TN,37350,(423) 821-7508,Not publicly available,lookoutmountaindental.com,Not publicly available,Not publicly available,Not publicly verified,Established local practice; decision-maker relationship/referral prospect,Own website with contact page,Company website,Healthgrades practice listing,2026-09-02
Market on the Mountain,Grocery / Specialty Market,B,812 Scenic Hwy,Lookout Mountain,TN,37350,(423) 821-5150,marketonthemtn@gmail.com,Not publicly available,Ruth (last name not publicly available),Owner,Not publicly verified,"Small local market/deli likely running a supply or delivery vehicle; long daily hours signal active, steady business",Yelp (18 reviews); Tripadvisor listing,Yelp listing,Tripadvisor listing,2026-09-02
Woodall Agency Insurance,Insurance Agency,C,431 W Brow Rd,Lookout Mountain,TN,37350,(423) 266-6716,Not publicly available,Not publicly available,Not publicly available,Not publicly available,Not publicly verified,Independent local agency principal is a decision-maker/referral source for personal-vehicle and small-fleet clients,Yelp listing,Yelp listing,Bar List Publishing independent agents directory,2026-09-02
Lookout Mountain Presbyterian Church,Religious Organization,B,316 N Bragg Ave,Lookout Mountain,TN,37350,(423) 821-4528,info@lmpc.org,lmpc.org,Not publicly available,Not publicly available,Not publicly verified,Sizeable established congregation; churches of this scale commonly run van(s) for ministry/youth transport,Yelp listing; GuideStar nonprofit profile,Yelp listing,GuideStar profile,2026-09-02
Christ Reformed Baptist Church,Religious Organization,C,901 Scenic Hwy,Lookout Mountain,TN,37350,(423) 521-2628,Not publicly available,crbchattanooga.org,Nathan White,Pastor,Not publicly verified,Smaller church plant (constituted 2019); lower fleet likelihood but confirmed active with a real address/phone,Own website with times/location page,Company website,SermonAudio broadcaster profile,2026-09-02
Church of the Good Shepherd (Episcopal) / Good Shepherd School,Religious Organization / Preschool,B,211 Franklin Rd,Lookout Mountain,TN,37350,(423) 821-0044,Not publicly available,gslookout.org,Not publicly available,Not publicly available,Not publicly verified,Church with an attached day school (daycare through Pre-K); schools of this type often run a van for transport,Own website; Yelp listing,Company website,Episcopal Diocese of East TN school directory,2026-09-02
