Business Name,Industry,City,State,ZIP,Street Address,Website,LinkedIn,Employees,Est. Revenue,US Locations,What They Do,Source,Verification Status
"Advanced Waste Management Systems, Inc.",Environmental Services,Hixson,TN,37343,6430 Hixson Pike,awm.net,https://www.linkedin.com/company/awminc-tn,11-50,1M-5M,2,"Offering certifications in ISO 14001, ISO 45001, ISO 50001, SEP, and GHG Verification.","Vibe Prospecting (Explorium) export ds-f4bc136f, 2026-09-03",NOT VERIFIED - dataset carries no phone or email; confirm on the official website before calling
"All Aboard USA, Inc.",Truck Transportation,Hixson,TN,37343,2736 Kanasita Drive,allaboardchatt.com,https://www.linkedin.com/company/all-aboard-usa-inc.,11-50,1M-5M,1,"All Aboard USA, formerly All Aboard Chattanooga, is an experienced bus tour company. We specialize in educational tours, public tours, Boy Scout and Girl Scout tours, and charter tours. All Aboard USA travels to all major desintations including Washington D. C., Orlando, Nashville, Huntsville, St. L","Vibe Prospecting (Explorium) export ds-f4bc136f, 2026-09-03",NOT VERIFIED - dataset carries no phone or email; confirm on the official website before calling
AmeriStone Premium Surfaces,Construction,Hixson,TN,37343,8822 Dallas Hollow Road,ameristonecountertops.com,https://www.linkedin.com/company/ameristone-premium-surfaces,11-50,1M-5M,1,"FREE estimate on service. 100% customer satisfaction goal. Superior workmanship. Quartz countertops, granite countertops, solid surface. Call 423-843-0003.","Vibe Prospecting (Explorium) export ds-f4bc136f, 2026-09-03",NOT VERIFIED - dataset carries no phone or email; confirm on the official website before calling
B&B Crane & Rigging,Construction,Hixson,TN,37343,1103 Thrasher Pike,bbcrane.com,https://www.linkedin.com/company/bbcrane,11-50,10M-25M,2,Servicing the Tennessee Valley and surrounding areas for over 50 years. Originally operating as a Steel Erection Company our company merged strictly to a Mobile Crane and Rigging company in the early 1990's. Our crane services offer Mobile Hydraulic cranes ranging from 15-300 Ton Capacities. Our rig,"Vibe Prospecting (Explorium) export ds-f4bc136f, 2026-09-03",NOT VERIFIED - dataset carries no phone or email; confirm on the official website before calling
Bill Owens Heat & Air Inc,Construction,Hixson,TN,37343,6252 Dayton Boulevard,billowenshvac.com,https://www.linkedin.com/company/bill-owens-heat-air-inc,11-50,1M-5M,1,"We are a Veteran owned and operated business. We specializing in Residential & Lite Commercial HVAC systems ""We offer solutions and solve comfort problems""","Vibe Prospecting (Explorium) export ds-f4bc136f, 2026-09-03",NOT VERIFIED - dataset carries no phone or email; confirm on the official website before calling
Bill Owens Heating & Air Cond,Construction,Hixson,TN,37343,6252 Dayton Boulevard Number C,billowenshvac.com,https://www.linkedin.com/company/bill-owens-heating-&-air-cond,1-10,1M-5M,1,,"Vibe Prospecting (Explorium) export ds-f4bc136f, 2026-09-03",NOT VERIFIED - dataset carries no phone or email; confirm on the official website before calling
Chattanooga Garage Makeovers,Construction,Hixson,TN,37343,7735 Moses Road,chattanoogagaragemakeovers.com,https://www.linkedin.com/company/chattanooga-garage-makeovers,11-50,1M-5M,1,"Chattanooga Garage Makeovers is a construction company based out of 7735 MOSES RD, Hixson, Tennessee, United States.","Vibe Prospecting (Explorium) export ds-f4bc136f, 2026-09-03",NOT VERIFIED - dataset carries no phone or email; confirm on the official website before calling
Chattanooga Painting and Lawncare,Facilities Services,Hixson,TN,37343,4608 Hixson Pike,chattanoogapaintingcompany.com,https://www.linkedin.com/company/chattanooga-painting-and-lawncare,11-50,1M-5M,1,,"Vibe Prospecting (Explorium) export ds-f4bc136f, 2026-09-03",NOT VERIFIED - dataset carries no phone or email; confirm on the official website before calling
Chattanooga Septic Tanks,Facilities Services,Hixson,TN,37343,5251-C Highway 153,chattanoogaseptictanks.com,https://www.linkedin.com/company/chattanooga-septic-tanks,11-50,1M-5M,1,"Septic Tank Cleaning, Septic Tank Pumping, Septic Tank Maintenance, Clean Septic Tank, Pump Septic Tank, Chattanooga Septic Tank, Chattanooga Septic Tank Services, Chattanooga Septic Tank Maintenance","Vibe Prospecting (Explorium) export ds-f4bc136f, 2026-09-03",NOT VERIFIED - dataset carries no phone or email; confirm on the official website before calling
CREEKSIDE CLOSETS LLC,Construction,Hixson,TN,37343,4728 Adams Road,creeksideclosets.com,https://www.linkedin.com/company/creekside-closets-llc,11-50,1M-5M,1,"Creekside Closets is your destination for custom storage solutions. Armed with more than 20 years of experience, we can design, build, and install organizational systems that perfectly fit your home and budget.","Vibe Prospecting (Explorium) export ds-f4bc136f, 2026-09-03",NOT VERIFIED - dataset carries no phone or email; confirm on the official website before calling
Dakota Concepts Inc,Construction,Hixson,TN,37343,7930 Middle Valley Road,dakotaconceptsinc.com,https://www.linkedin.com/company/dakota-concepts-inc,1-10,1M-5M,1,,"Vibe Prospecting (Explorium) export ds-f4bc136f, 2026-09-03",NOT VERIFIED - dataset carries no phone or email; confirm on the official website before calling
"DUCTZ Indoor Air Professionals of Chattanooga, Cleveland, TN and NW Georgia",Construction,Hixson,TN,37343,6921 Middle Valley Road,airductcleaningtn.com,https://www.linkedin.com/company/ductz-indoor-air-professionals-of-chattanooga-cleveland-tn-and-nw-georgia,1-10,1M-5M,1,DUCTZ Indoor Air Professionals was founded in 1997.,"Vibe Prospecting (Explorium) export ds-f4bc136f, 2026-09-03",NOT VERIFIED - dataset carries no phone or email; confirm on the official website before calling
"Heritage Fence & Repair, Inc.",Construction,Hixson,TN,37343,5010 Austin Road Suite 107,heritagefencetn.com,https://www.linkedin.com/company/heritage-fence-&-repair,1-10,1M-5M,2,"Heritage Fence & Repair is a family-owned company offering superior quality fencing with courteous customer service at an affordable cost. We are passionate about creating unique, hand-crafted fence designs that add value to your home or business. We believe in providing an honest, professional cust","Vibe Prospecting (Explorium) export ds-f4bc136f, 2026-09-03",NOT VERIFIED - dataset carries no phone or email; confirm on the official website before calling
Home And Lawn Care Service,Facilities Services,Hixson,TN,37343,6114 Dayton Boulevard,eastsidesalonandspa.com,https://www.linkedin.com/company/home-and-lawn-care-service,11-50,1M-5M,1,,"Vibe Prospecting (Explorium) export ds-f4bc136f, 2026-09-03",NOT VERIFIED - dataset carries no phone or email; confirm on the official website before calling
Ivy Construction,Construction,Hixson,TN,37343,1174 Boy Scout Road,ivy-construction.com,https://www.linkedin.com/company/ivy-construction,11-50,10M-25M,2,"Ivy Construction builders of bulkheads, boathouses, piers and docks on lake livingston at the best price and highest quality.","Vibe Prospecting (Explorium) export ds-f4bc136f, 2026-09-03",NOT VERIFIED - dataset carries no phone or email; confirm on the official website before calling
J Rollins,Construction,Hixson,TN,37343,6252 Dayton Boulevard Number A,jrollinsinc.com,https://www.linkedin.com/company/j-rollins,11-50,1M-5M,1,,"Vibe Prospecting (Explorium) export ds-f4bc136f, 2026-09-03",NOT VERIFIED - dataset carries no phone or email; confirm on the official website before calling
K & K WASTE DISPOSAL LLC,"Water, Waste, Steam, And Air Conditioning Services",Hixson,TN,37343,,kkwaste.com,https://www.linkedin.com/company/k-&-k-waste-disposal-llc,1-10,1M-5M,2,,"Vibe Prospecting (Explorium) export ds-f4bc136f, 2026-09-03",NOT VERIFIED - dataset carries no phone or email; confirm on the official website before calling
Local 74,Construction,Hixson,TN,37343,6260 Dayton Boulevard,tncarpenters.com,https://www.linkedin.com/company/local-74,11-50,1M-5M,1,"The MidSouth Carpenters Regional Council governs and provides direction to 6 individual local unions and their approximate 6,000 members throughout Alabama, Mississippi and Tennessee, as well as in parts of western North Carolina, northern Georgia, eastern Arkansas, and the Florida panhandle. Read M","Vibe Prospecting (Explorium) export ds-f4bc136f, 2026-09-03",NOT VERIFIED - dataset carries no phone or email; confirm on the official website before calling
Martin Brothers Painting,Construction,Hixson,TN,37343,513 Marlow Drive,martinbrotherspainting.com,https://www.linkedin.com/company/martin-brothers-painting,1-10,1M-5M,1,"Martin Brothers Painting is a small two-man Red Bank Tennessee-based painting contractor. My brother Paul and I do all the work. We have worked together for over 30 years painting around the Chattanooga area, first with Dowlen Construction until the fall of 2008 then as Martin Brothers Painting star","Vibe Prospecting (Explorium) export ds-f4bc136f, 2026-09-03",NOT VERIFIED - dataset carries no phone or email; confirm on the official website before calling
Mayse Construction,Construction,Hixson,TN,37343,8011 Hixson Pike,maysecc.com,https://www.linkedin.com/company/mayse-construction,11-50,1M-5M,1,,"Vibe Prospecting (Explorium) export ds-f4bc136f, 2026-09-03",NOT VERIFIED - dataset carries no phone or email; confirm on the official website before calling
Metal Source Inc,Construction,Hixson,TN,37343,2726 Kanasita Drive,metalsourcellc.com,https://www.linkedin.com/company/metal-source-inc,11-50,1M-5M,1,"Metal Source offers scrap management, brokerage, trading, transportation and logistics, and industrial collection. Their customers contact through email, phone, and online applications.","Vibe Prospecting (Explorium) export ds-f4bc136f, 2026-09-03",NOT VERIFIED - dataset carries no phone or email; confirm on the official website before calling
"MIDDLE VALLEY LAWN AND GARDEN, L.L.C.",Wholesale Building Materials,Hixson,TN,37343,6809 Middle Valley Road,middlevalleylawn.com,https://www.linkedin.com/company/middle-valley-lawn-and-garden-l.l.c.,11-50,5M-10M,1,,"Vibe Prospecting (Explorium) export ds-f4bc136f, 2026-09-03",NOT VERIFIED - dataset carries no phone or email; confirm on the official website before calling
North Chickamauga Creek Conservancy,Environmental Services,Hixson,TN,37343,5051 Gann Store Road,northchick.org,https://www.linkedin.com/company/north-chickamauga-creek-conservancy,1-10,500K-1M,1,"North Chickamauga Creek Conservancy (NCCC) is a non-profit organization that is committed to involving the Chattanooga community in preservation, conservation and responsible use of the North Chickamauga Creek watershed and gorge.","Vibe Prospecting (Explorium) export ds-f4bc136f, 2026-09-03",NOT VERIFIED - dataset carries no phone or email; confirm on the official website before calling
"Quality Mechanical Group, LLC",Construction,Hixson,TN,37343,4723 Adams Road Suite A,qualitymechgroupllc.com,https://www.linkedin.com/company/quality-mechanical-group-llc,11-50,1M-5M,1,"Mechanical contracting services - ""Quality Contracting for Quality Customers"" Quality Mechanical Group, LLC offers distinctive quality craftsmanship and exceptional customer service on new commercial and industrial construction projects as well as manufacturing maintenance operations. Quick turn-aro","Vibe Prospecting (Explorium) export ds-f4bc136f, 2026-09-03",NOT VERIFIED - dataset carries no phone or email; confirm on the official website before calling
Red Iron Steel,Building Construction,Hixson,TN,37343,Hixson,redironsteel.net,https://www.linkedin.com/company/red-iron-steel,1-10,1M-5M,1,"Red Iron Steel, a steel fabrication and erection company serving the Chattanooga, TN and surrounding areas. With our unmatched expertise and quality craftsmanship, find out why Red Iron Steel has earned a stellar reputation in the steel industry.""","Vibe Prospecting (Explorium) export ds-f4bc136f, 2026-09-03",NOT VERIFIED - dataset carries no phone or email; confirm on the official website before calling
River City Fire Protection,Construction,Hixson,TN,37343,1406 Boy Scout Road,rivercityfireprotection.com,https://www.linkedin.com/company/river-city-fire-protection,11-50,1M-5M,1,"RCFP is a full-service fire protection company located in Chattanooga, servicing SE Tennessee, NW Georgia, and NE Alabama. We do everything - new construction, service, maintenance, emergency calls, extinguishers, alarms, and special hazards systems. Our quality and customer service are second to no","Vibe Prospecting (Explorium) export ds-f4bc136f, 2026-09-03",NOT VERIFIED - dataset carries no phone or email; confirm on the official website before calling
Stanley Construction Company,Construction,Hixson,TN,37343,2024 Albermarle Drive,stanley-hsv.com,https://www.linkedin.com/company/stanley-construction-company,51-200,10M-25M,1,"Stanley Construction Company specializes in mass excavation, demolition, and asphalt installation services.","Vibe Prospecting (Explorium) export ds-f4bc136f, 2026-09-03",NOT VERIFIED - dataset carries no phone or email; confirm on the official website before calling
Tennessee Roofing & Construction,Construction,Hixson,TN,37343,8427 Hixson Pke,tnroofingconstruction.com,https://www.linkedin.com/company/tennessee-roofing-&-construction,11-50,1M-5M,1,"Since 1994, Tennessee Commercial Roofing & Construction has been providing quality commercial roofing and contracting services to Chattanooga, TN & surrounding area.","Vibe Prospecting (Explorium) export ds-f4bc136f, 2026-09-03",NOT VERIFIED - dataset carries no phone or email; confirm on the official website before calling
The RLS Group,Construction,Hixson,TN,37343,4728 Adams Road Suite 101,rlshds.com,https://www.linkedin.com/company/therlsgroup,1-10,1M-5M,1,"RLS provides comprehensive land surveying services throughout Tennessee, Georgia and Alabama. Since the inception of The RLS Group, LLC, it has been our goal to provide our customers with high quality, accurate and state of the art services.","Vibe Prospecting (Explorium) export ds-f4bc136f, 2026-09-03",NOT VERIFIED - dataset carries no phone or email; confirm on the official website before calling
West Home Services LLC,Construction,Hixson,TN,37343,8021 Hale Road,westhomeservices.net,https://www.linkedin.com/company/west-home-services-llc,11-50,1M-5M,1,"Delivering licensed and reliable remodeling contractors, sunrooms, and screen rooms that's cost efficient without compromising quality within Chattanooga, TN.","Vibe Prospecting (Explorium) export ds-f4bc136f, 2026-09-03",NOT VERIFIED - dataset carries no phone or email; confirm on the official website before calling
"Post & Oak, LLC",Construction,Apison,TN,37302,11286 First Street,postandoak.co,https://www.linkedin.com/company/post-oak-llc,1-10,1M-5M,1,"We are a full-service design-build company with a focus on understanding the needs of rural property owners, from managing livestock to maintaining acreage to improving the land. We strive to be experts in delivering solutions that respond to the unique challenges and opportunities of rural living. ","Vibe Prospecting (Explorium) export ds-f4bc136f, 2026-09-03",NOT VERIFIED - dataset carries no phone or email; confirm on the official website before calling
-RENEW-,Construction,Chattanooga,TN,,2313 East Main Street,renewthenoog.com,https://www.linkedin.com/company/-renew-,1-10,1M-5M,1,Mission: To cultivate urban living and commercial revitalization through historic restoration and sustainable development in the Chattanooga area.,"Vibe Prospecting (Explorium) export ds-f4bc136f, 2026-09-03",NOT VERIFIED - dataset carries no phone or email; confirm on the official website before calling
2 J Construction Services,Construction,Chattanooga,TN,37421,8115 East Brainerd Road,2jconstruction.com,https://www.linkedin.com/company/2-j-construction-services,11-50,1M-5M,1,,"Vibe Prospecting (Explorium) export ds-f4bc136f, 2026-09-03",NOT VERIFIED - dataset carries no phone or email; confirm on the official website before calling
Aa Roofing,Construction,Chattanooga,TN,37416,4717 Briarwood Circle,yelp.com,https://www.linkedin.com/company/aa-roofing,11-50,1M-5M,1,,"Vibe Prospecting (Explorium) export ds-f4bc136f, 2026-09-03",NOT VERIFIED - dataset carries no phone or email; confirm on the official website before calling
Abc Hosiery,Construction,Chattanooga,TN,37406,1609 Elmendorf Street,abchosiery.com,https://www.linkedin.com/company/abc-hosiery,1-10,1M-5M,2,"ABC Hosiery & Apparel supplies wholesale hosiery and apparel products to retailers and resellers. The company offers socks, underwear, fleece, and T-shirts across multiple brands, including Gildan, Comfort Colors, Anvil, American Apparel, Alstyle, and Gold Toe. Its catalog includes mens and womens s","Vibe Prospecting (Explorium) export ds-f4bc136f, 2026-09-03",NOT VERIFIED - dataset carries no phone or email; confirm on the official website before calling
"Ables Painting, LLC",Construction,Chattanooga,TN,37415,776 Mauldeth Road,ablespainting.com,https://www.linkedin.com/company/ables-painting-llc,11-50,1M-5M,1,"Ables Painting, LLC is a repaint specialist company based out Chattanooga, Tennessee, United States.","Vibe Prospecting (Explorium) export ds-f4bc136f, 2026-09-03",NOT VERIFIED - dataset carries no phone or email; confirm on the official website before calling
Abrasive Blasting & Coating,Construction,Chattanooga,TN,37406,1227 Latta Street,abcsurfaces.com,https://www.linkedin.com/company/abrasive-blasting-&-coating,1-10,1M-5M,1,"Abrasive Blasting and Coating (ABC) is an industrial/commercial service company providing surface preparation and coating application for customers located in the southeast United States. We are fully insured, licensed, and permitted facility meeting all state, city, and federal requirements. We are","Vibe Prospecting (Explorium) export ds-f4bc136f, 2026-09-03",NOT VERIFIED - dataset carries no phone or email; confirm on the official website before calling
ACCENT MASONRY & CONSTRUCTION LLC,Construction,Chattanooga,TN,37421,6123 East Brainerd Road,billboardlocal.com,https://www.linkedin.com/company/accent-masonry-&-construction-llc,11-50,5M-10M,1,,"Vibe Prospecting (Explorium) export ds-f4bc136f, 2026-09-03",NOT VERIFIED - dataset carries no phone or email; confirm on the official website before calling
Ace Lock and Key Service,Facilities Services,Chattanooga,TN,37407,4412 Dodds Avenue,acelockandkey.com,https://www.linkedin.com/company/ace-lock-and-key-service,1-10,500K-1M,1,"Family Owned and Operated, Ace Lock and Key has been in business in the Chattanooga are for over 50 years. We sell a wide variety of locks, deadbolts, padlocks, key accessories, and safes for both Commercial and Residential applications. We also offer Access Control, Security Systems and Restricted ","Vibe Prospecting (Explorium) export ds-f4bc136f, 2026-09-03",NOT VERIFIED - dataset carries no phone or email; confirm on the official website before calling
"Adams Masonry, Inc.",Construction,Chattanooga,TN,37343,2827 Calhoun Avenue,adamsmasonry.build,https://www.linkedin.com/company/adams-masonry-inc-,51-200,10M-25M,1,"A commercial and industrial masonry contractor doing business in Chattanooga, TN and the surrounding areas. Our focus on safety and quality has helped us grow to where we are today and will help us meet the challenge of any project that comes along.","Vibe Prospecting (Explorium) export ds-f4bc136f, 2026-09-03",NOT VERIFIED - dataset carries no phone or email; confirm on the official website before calling
Adamson Developers,Construction,Chattanooga,TN,37411,3445 Brainerd Road,adamsondevelopers.com,https://www.linkedin.com/company/adamson-developers,1-10,1M-5M,3,"Adamson Developers, LLC has steadily built its solid reputation for developing commercial properties and high quality custom homes. duplexes, townhomes, energy efficient and affordable homes for low income to moderate income clients. Adamson Developers has created inviting communities throughout Cha","Vibe Prospecting (Explorium) export ds-f4bc136f, 2026-09-03",NOT VERIFIED - dataset carries no phone or email; confirm on the official website before calling
"ADI Pavement, LLC",Construction,Chattanooga,TN,37421,6020 Pinehurst Avenue,turnitblack.com,https://www.linkedin.com/company/adi-pavement-llc,1-10,1M-5M,1,"ADI PAVEMENT LLC is a construction company based out of 2705 WOOD AVENUE, CHATTANOOGA, Tennessee, United States.","Vibe Prospecting (Explorium) export ds-f4bc136f, 2026-09-03",NOT VERIFIED - dataset carries no phone or email; confirm on the official website before calling
AGC East Tennessee,Construction,Chattanooga,TN,37408,101 West 21St Street,agcetn.org,https://www.linkedin.com/company/agc-of-east-tennessee,11-50,1M-5M,1,"AGC East Tennessee (AGC) is a trade association whose membership is comprised of general contractors, construction managers, specialty contractors, service providers, and supplier companies supporting Tennessees commercial construction industry. Since 1920 collectively, we bring a strong, influentia","Vibe Prospecting (Explorium) export ds-f4bc136f, 2026-09-03",NOT VERIFIED - dataset carries no phone or email; confirm on the official website before calling
Air Filtration Service,Facilities Services,Chattanooga,TN,37414,,airfiltrationservice.com,https://www.linkedin.com/company/air-filtration-service,1-10,500K-1M,1,"Air Filtration Service (AFS) has been a local business providing world-class specialty filtration and custom-sized filters for commercial and industrial needs in the Chattanooga area since 1987. Their core services include filtration services for HVAC systems, catering to industries such as restaura","Vibe Prospecting (Explorium) export ds-f4bc136f, 2026-09-03",NOT VERIFIED - dataset carries no phone or email; confirm on the official website before calling
All About Metal,Construction,Chattanooga,TN,37421,9100 East Brainerd Road,allaboutmetal.com,https://www.linkedin.com/company/all-about-metal,1-10,1M-5M,1,,"Vibe Prospecting (Explorium) export ds-f4bc136f, 2026-09-03",NOT VERIFIED - dataset carries no phone or email; confirm on the official website before calling
AM PM Mobile Repair and Consulting,Truck Transportation,Chattanooga,TN,37444,,ampmmobilerepair.com,https://www.linkedin.com/company/am-pm-mobile-repair,1-10,500K-1M,5,"As a Veteran owned and operated company we know what it takes to be leader. One of our proudest jobs is to further unleash the leader in you by giving you the tools to become that HERO at work. Through innovative ideas you will show your bosses the ability to save time, money, and most important kee","Vibe Prospecting (Explorium) export ds-f4bc136f, 2026-09-03",NOT VERIFIED - dataset carries no phone or email; confirm on the official website before calling
Ambrosetti Construction,Construction,Chattanooga,TN,37415,5571 Dayton Boulevard,ambrosetticonstruction.com,https://www.linkedin.com/company/ambrosetti-construction,1-10,1M-5M,1,"Ambrosetti Construction LLC is a general contracting company that serves residential and commercial clients with construction and remodeling services. The company handles full new home construction, room additions, and whole-home renovations. It also manages kitchen and bathroom remodels, interior u","Vibe Prospecting (Explorium) export ds-f4bc136f, 2026-09-03",NOT VERIFIED - dataset carries no phone or email; confirm on the official website before calling
Anchor Tours,Truck Transportation,Chattanooga,TN,37407,2401 4Th Avenue,anchortours.com,https://www.linkedin.com/company/anchor-tours,11-50,1M-5M,1,,"Vibe Prospecting (Explorium) export ds-f4bc136f, 2026-09-03",NOT VERIFIED - dataset carries no phone or email; confirm on the official website before calling
"Apex Electric Co., Inc.",Construction,Chattanooga,TN,37407,3007 Calhoun Avenue,apexelectriccompany.com,https://www.linkedin.com/company/apex-electric-company-inc,11-50,1M-5M,1,"Apex Electric Company Inc is an electrical contracting company located in Chattanooga, Tennessee, United States.","Vibe Prospecting (Explorium) export ds-f4bc136f, 2026-09-03",NOT VERIFIED - dataset carries no phone or email; confirm on the official website before calling
APPALACHIAN LAND DESIGN INC.,Facilities Services,Chattanooga,TN,37421,8921 Potomac Drive,appalachianlanddesign.com,https://www.linkedin.com/company/appalachian-land-design-inc.,11-50,1M-5M,1,"Complete landscaping and design services in Chattanooga, TN and surrounding areas. Appalachian Land Design is a full service landscape company that specializes in landscaping for residential and commercial accounts.","Vibe Prospecting (Explorium) export ds-f4bc136f, 2026-09-03",NOT VERIFIED - dataset carries no phone or email; confirm on the official website before calling
ARC Remodeling,Construction,Chattanooga,TN,37421,,accessremodeling.com,https://www.linkedin.com/company/arc-remodeling,1-10,1M-5M,1,,"Vibe Prospecting (Explorium) export ds-f4bc136f, 2026-09-03",NOT VERIFIED - dataset carries no phone or email; confirm on the official website before calling
Architectural Exchange,Construction,Chattanooga,TN,37404,1300 Mccallie Avenue,architecturalexchangestore.com,https://www.linkedin.com/company/architectural-exchange,11-50,1M-5M,1,"Architectural Exchange is a construction company based out of 1300 MCCALLIE AVE, Chattanooga, Tennessee, United States.","Vibe Prospecting (Explorium) export ds-f4bc136f, 2026-09-03",NOT VERIFIED - dataset carries no phone or email; confirm on the official website before calling
"Architectural Surfaces, LLC",Construction,Chattanooga,TN,37406,,architecturalsurfaces.com,https://www.linkedin.com/company/architectural-surfaces-llc,51-200,10M-25M,1,"Architectural Surfaces delivers custom architectural millwork, casework, and metalwork with precision, craftsmanship, and attention to detail. Our in-house capabilities also include the fabrication of custom countertops, moldings, and exterior decorative components - allowing us to provide cohesive,","Vibe Prospecting (Explorium) export ds-f4bc136f, 2026-09-03",NOT VERIFIED - dataset carries no phone or email; confirm on the official website before calling
Arke Technology,Truck Transportation,Chattanooga,TN,37408,224 East Main,arketechnology.com,https://www.linkedin.com/company/arketechnology,1-10,1M-5M,1,"Here at Arke Technology we will put your data to use, providing valuable insights into driver behavior to help you retain your most important assets. Utilizing various IoT devices, we can detect root causes to key issues, develop predictive insights, and provide valuable alerts to our customers. Wit","Vibe Prospecting (Explorium) export ds-f4bc136f, 2026-09-03",NOT VERIFIED - dataset carries no phone or email; confirm on the official website before calling
Armor Xteriors,Construction,Chattanooga,TN,37421,7401 East Brainerd Road 150,armorxteriors.com,https://www.linkedin.com/company/armorxteriors,11-50,1M-5M,1,"Armor Xteriors is Chattanoogas trusted, locally owned licensed general contractor specializing in roofing, siding, replacement windows, doors, and custom deck construction. Serving Chattanooga and the surrounding areas, we deliver full-service exterior remodeling designed to protect your home, impro","Vibe Prospecting (Explorium) export ds-f4bc136f, 2026-09-03",NOT VERIFIED - dataset carries no phone or email; confirm on the official website before calling
Atlas Bolt & Supply Inc.,Wholesale Building Materials,Chattanooga,TN,37407,3217 Rossville Boulevard,atlasbolt.com,https://www.linkedin.com/company/atlas-bolt-&-supply-inc,11-50,10M-25M,1,"Building Chattanooga for Over 50 Years. Atlas Bolt and Supply is a company based out of Chattanooga, Tennessee. We are located at 3217 Rossville Blvd Chattanooga, TN 37407. Contact us at (423) 265-2341 or sales@atlasboltco.com Now You're Ready!","Vibe Prospecting (Explorium) export ds-f4bc136f, 2026-09-03",NOT VERIFIED - dataset carries no phone or email; confirm on the official website before calling
Ballard Lighting,Construction,Chattanooga,TN,37415,5210 Dayton Boulevard,ballardlightingco.com,https://www.linkedin.com/company/ballard-lighting,11-50,1M-5M,1,"Ballard Lighting is wholesale supplier specializing a multifamily and hospitality lighting. Our company is built on the foundation of integrity, customer service and complete dedication to your project's success. Please visit our website to learn more.","Vibe Prospecting (Explorium) export ds-f4bc136f, 2026-09-03",NOT VERIFIED - dataset carries no phone or email; confirm on the official website before calling
Basement and Crawlspace Solutions,Facilities Services,Chattanooga,TN,37415,5957 Dayton Boulevard,basementandcrawlspacesolutions.com,https://www.linkedin.com/company/basement-and-crawlspace-solutions,11-50,1M-5M,1,Chattanoogas Local Basement Waterproofing Experts,"Vibe Prospecting (Explorium) export ds-f4bc136f, 2026-09-03",NOT VERIFIED - dataset carries no phone or email; confirm on the official website before calling
Bella Pietra Surfaces International,Wholesale Building Materials,Chattanooga,TN,37406,1309 Appling Street,bellapietrasurfaces.com,https://www.linkedin.com/company/bella-pietra-surfaces-international,1-10,1M-5M,1,Natural Stone and Quartz Distributer,"Vibe Prospecting (Explorium) export ds-f4bc136f, 2026-09-03",NOT VERIFIED - dataset carries no phone or email; confirm on the official website before calling
Berry Construction,Construction,Chattanooga,TN,,,berryhutton.com,https://www.linkedin.com/company/berry-hutton-construction,51-200,10M-25M,1,"Originally founded and licensed in 1992 in the state of Tennessee and continually expanding to 44 States and Puerto Rico, Berry Construction Co., Inc. (Berry Hutton Construction), is a full-service, large-scale general contractor with a wide range of projects in the commercial, corporate, industrial","Vibe Prospecting (Explorium) export ds-f4bc136f, 2026-09-03",NOT VERIFIED - dataset carries no phone or email; confirm on the official website before calling
Bessette Painting,Construction,Chattanooga,TN,37407,3905 16Th Avenue,bessetteart.com,https://www.linkedin.com/company/bessette-painting,11-50,1M-5M,1,,"Vibe Prospecting (Explorium) export ds-f4bc136f, 2026-09-03",NOT VERIFIED - dataset carries no phone or email; confirm on the official website before calling
Best Way Lawn Care,Construction,Chattanooga,TN,37406,1407 Arlington Avenue,bestwaylawncare.com,https://www.linkedin.com/company/best-way-lawn-care,1-10,1M-5M,2,"Bestway is a top notch commercial and residential lawn care provider focusing on Tampa Bay area including Clearwater, St. Petersburg and Tampa. Everything from lawn care to yard clean up, mulching, sod installation, landscaping, lawn maintenance shrub and hedge trimming they are the experts!","Vibe Prospecting (Explorium) export ds-f4bc136f, 2026-09-03",NOT VERIFIED - dataset carries no phone or email; confirm on the official website before calling
Big Buck Construction,Construction,Chattanooga,TN,37421,7506 East Brained Road,bigbuckconstruction.com,https://www.linkedin.com/company/big-buck-construction,1-10,1M-5M,1,"At Big Buck Construction, we treat your home as if it was our own. Whether we are working on a brand new construction piece or remodeling a home you already own, we put our heart and soul into making your home the perfect sanctuary.","Vibe Prospecting (Explorium) export ds-f4bc136f, 2026-09-03",NOT VERIFIED - dataset carries no phone or email; confirm on the official website before calling
Big Sky Landscapes,Landscaping Services,Chattanooga,TN,37407,1406 East 51St Street,bigskylandscapes.com,https://www.linkedin.com/company/big-sky-landscapes,51-200,10M-25M,1,"Big Sky Landscapes was born out of a simple but powerful realization: the landscaping industry needed a higher standard. After spending a few years in Montana and returning to Chattanooga to support his family, Luke Bowling, our founder, recognized a gap in the industry. Customers were grateful for ","Vibe Prospecting (Explorium) export ds-f4bc136f, 2026-09-03",NOT VERIFIED - dataset carries no phone or email; confirm on the official website before calling
BITA Standards Council (BITA),Truck Transportation,Chattanooga,TN,37402,405 Cherry Street,gbbc.io,https://www.linkedin.com/company/bita-standards-council,51-200,10M-25M,1,BITA Standards Council (BITA) is GBBCs global transportation and commerce initiative. GBBCs BITA initiative consists of global companies with a shared vision to leverage blockchain technology to define and grow open-source supply chain standards. The initiative's member-companies will continue to co,"Vibe Prospecting (Explorium) export ds-f4bc136f, 2026-09-03",NOT VERIFIED - dataset carries no phone or email; confirm on the official website before calling
"BOBBY FRYAR TRUCKING CO., INC.","Water, Waste, Steam, And Air Conditioning Services",Chattanooga,TN,37407,1017 East 38Th Street,dot.gov,https://www.linkedin.com/company/bobby-fryar-trucking-co.-inc.,51-200,10M-25M,1,,"Vibe Prospecting (Explorium) export ds-f4bc136f, 2026-09-03",NOT VERIFIED - dataset carries no phone or email; confirm on the official website before calling
Boilermakers Local 454,Construction,Chattanooga,TN,37405,301 Frazier Avenue,boilermakers.org,https://www.linkedin.com/company/boilermakers-local-454,1-10,1M-5M,1,,"Vibe Prospecting (Explorium) export ds-f4bc136f, 2026-09-03",NOT VERIFIED - dataset carries no phone or email; confirm on the official website before calling
Boutique Living By Curate,Construction,Chattanooga,TN,37408,1800 Rossville Avenue,boutiquelivingbycurate.com,https://www.linkedin.com/company/curate-custom-homes,11-50,1M-5M,1,Cultivating creativity- A boutique building experience for your future welcome home.,"Vibe Prospecting (Explorium) export ds-f4bc136f, 2026-09-03",NOT VERIFIED - dataset carries no phone or email; confirm on the official website before calling
Bowman Alcolume Co,Construction,Chattanooga,TN,37411,5319 Brainerd Road,bowmanalcolume.com,https://www.linkedin.com/company/bowman-alcolume-co,11-50,1M-5M,1,"Bowman Alcolume Co offers siding installation and products in Chattanooga, TN. Residential and commercial. Since 1955. Call 423-894-2833 for a free estimate.","Vibe Prospecting (Explorium) export ds-f4bc136f, 2026-09-03",NOT VERIFIED - dataset carries no phone or email; confirm on the official website before calling
BrightBase,Facilities Services,Chattanooga,TN,37450,605 Chestnut Street Suite 300,brightbasemanagement.com,https://www.linkedin.com/company/brightbase,51-200,10M-25M,1,"Whether you need us for HVAC, facilities maintenance, parking or all three; we are dedicated to providing you with excellent customer service and fulfilling all of your needs.","Vibe Prospecting (Explorium) export ds-f4bc136f, 2026-09-03",NOT VERIFIED - dataset carries no phone or email; confirm on the official website before calling
Brogdon Construction,Construction,Chattanooga,TN,37415,,brogdonconstruction.com,https://www.linkedin.com/company/brogdon-construction,11-50,1M-5M,1,"We are a full service general contractor specializing in the commercial, residential, and municipal markets. Projects range from land development and civil work to turnkey custom buildings. We offer a wide range of services, including land clearing and development, erosion control, grading and excav","Vibe Prospecting (Explorium) export ds-f4bc136f, 2026-09-03",NOT VERIFIED - dataset carries no phone or email; confirm on the official website before calling
BROWN DOG CONSTRUCTION,Construction,Chattanooga,TN,37405,704 Colville Street,browndogconstruction.com,https://www.linkedin.com/company/brown-dog-construction,1-10,1M-5M,1,,"Vibe Prospecting (Explorium) export ds-f4bc136f, 2026-09-03",NOT VERIFIED - dataset carries no phone or email; confirm on the official website before calling
Brown Fence Company Inc.,Construction,Chattanooga,TN,37406,4150 South Creek Road,brownfenceco.com,https://www.linkedin.com/company/brown-fence-company-inc,1-10,1M-5M,1,"Brown Fence Company strives to build high-quality fences and gates for the southeastern area. Our company has been family-owned and operated for over 130 years, and we owe our success to our customers and employees. We are a fully licensed and insured team that can design any type of fence and gate,","Vibe Prospecting (Explorium) export ds-f4bc136f, 2026-09-03",NOT VERIFIED - dataset carries no phone or email; confirm on the official website before calling
Builders Hardware Co,Construction,Chattanooga,TN,37407,2904 Dodds Avenue,buildershardwaremi.com,https://www.linkedin.com/company/builders-hardware-co,51-200,10M-25M,3,Builders Hardware Company is East Lansings source for a large inventory of decorative hardware and more.,"Vibe Prospecting (Explorium) export ds-f4bc136f, 2026-09-03",NOT VERIFIED - dataset carries no phone or email; confirm on the official website before calling
Builders Hardware Company of Chattanooga,Wholesale Building Materials,Chattanooga,TN,37407,2904 Dodds Avenue,buildershardware-chat.com,https://www.linkedin.com/company/builders-hardware-company-of-chattanooga,11-50,5M-10M,1,,"Vibe Prospecting (Explorium) export ds-f4bc136f, 2026-09-03",NOT VERIFIED - dataset carries no phone or email; confirm on the official website before calling
Building First Source,Wholesale Building Materials,Chattanooga,TN,37421,2131 Polymer Drive,bldr.com,https://www.linkedin.com/company/building-first-source,1-10,1M-5M,1,,"Vibe Prospecting (Explorium) export ds-f4bc136f, 2026-09-03",NOT VERIFIED - dataset carries no phone or email; confirm on the official website before calling
Building Leaders of Chattanooga (BLOC),Construction,Chattanooga,TN,37408,101 West 21St Street,agcetn.org,https://www.linkedin.com/company/building-leaders-of-chattanooga-bloc,11-50,1M-5M,1,"Building Leaders of Chattanooga (BLOC) provides young construction leaders with a platform to build networks, socialize, and exchange ideas about the industry and business. BLOC serves as a pipeline for leadership within AGC East Tennessee by convening professionals with aptitude and desire for prof","Vibe Prospecting (Explorium) export ds-f4bc136f, 2026-09-03",NOT VERIFIED - dataset carries no phone or email; confirm on the official website before calling
Building Management Consultants,Construction,Chattanooga,TN,37421,6116 Shallowford Road,bmcusa.net,https://www.linkedin.com/company/building-management-consultants,51-200,10M-25M,1,"BMC is a full-service building envelope consulting firm that specializes in developing long-term roof-asset management plans, capital improvement budgets, roof preventative maintenance programs, and detailed assessment reports for commercial, institutional, and government properties. BMC takes pride","Vibe Prospecting (Explorium) export ds-f4bc136f, 2026-09-03",NOT VERIFIED - dataset carries no phone or email; confirm on the official website before calling
Cabeen Originals,Construction,Chattanooga,TN,37406,2305 Dodson Avenue Suite C,cabeenoriginals.com,https://www.linkedin.com/company/cabeen-originals,11-50,1M-5M,1,Cabeen Originals is a custom woodworking and metalworking company for commercial spaces.,"Vibe Prospecting (Explorium) export ds-f4bc136f, 2026-09-03",NOT VERIFIED - dataset carries no phone or email; confirm on the official website before calling
"Callahan Mechanical Contractors, Inc.",Construction,Chattanooga,TN,37407,2811 8Th Avenue,callahanmechanical.com,https://www.linkedin.com/company/callahan-mechanical-contractors-inc,51-200,10M-25M,1,"Callahan Mechanical Contractors, Inc. is a fully licensed mechanical contractor located in Chattanooga, TN. Serving the southeast for over 25 years, we specialize in sheet metal fabrication, process piping, blow pipe, HVAC service & maintenance, design-build, and LEED certified construction.","Vibe Prospecting (Explorium) export ds-f4bc136f, 2026-09-03",NOT VERIFIED - dataset carries no phone or email; confirm on the official website before calling
"CAMERON HARBOR, LLC",Construction,Chattanooga,TN,37402,525 West Main Street,cameronharbor.com,https://www.linkedin.com/company/cameron-harbor-llc,11-50,5M-10M,1,Luxury Townhomes - in the city. on the water.,"Vibe Prospecting (Explorium) export ds-f4bc136f, 2026-09-03",NOT VERIFIED - dataset carries no phone or email; confirm on the official website before calling
CARE MED AMBULANCE LLC,Truck Transportation,Chattanooga,TN,37406,,caremedambulance.net,https://www.linkedin.com/company/care-med-ambulance-llc,11-50,1M-5M,1,,"Vibe Prospecting (Explorium) export ds-f4bc136f, 2026-09-03",NOT VERIFIED - dataset carries no phone or email; confirm on the official website before calling
Centurion Stone of Chattanooga,Construction,Chattanooga,TN,37416,3758 Pilot Point,centurionstoneofchatt.com,https://www.linkedin.com/company/centurion-stone-chattanooga,1-10,1M-5M,1,,"Vibe Prospecting (Explorium) export ds-f4bc136f, 2026-09-03",NOT VERIFIED - dataset carries no phone or email; confirm on the official website before calling
"Certified Maintenance Service, Inc.",Facilities Services,Chattanooga,TN,37412,1504 Merrill Street,cms-clean.com,https://www.linkedin.com/company/certified-maintenance-service-inc,51-200,10M-25M,14,"Got Janitorial Migraines? Think of CMS as your ""Janitorial Aspirin"". We are full Service Janitorial serving the Chattanooga, Nashville, Knoxville, Cleveland, Dalton GA, Huntsville AL and beyond for over 25 years! We service commercial office buildings, medical offices, surgery centers, financial ins","Vibe Prospecting (Explorium) export ds-f4bc136f, 2026-09-03",NOT VERIFIED - dataset carries no phone or email; confirm on the official website before calling
CH ROOFING LLC,Construction,Chattanooga,TN,37416,7618 Bishop Drive,chroofingtn.com,https://www.linkedin.com/company/ch-roofing-llc,11-50,1M-5M,1,"CH Roofing LLC is a locally operated business dedicated to providing top-tier residential and commercial roofing. With a focus on customer service and free estimates, we ensure your needs are our priority. Visit us at chroofingtn.com","Vibe Prospecting (Explorium) export ds-f4bc136f, 2026-09-03",NOT VERIFIED - dataset carries no phone or email; confirm on the official website before calling
Chambers Welding Fabrication Corp.,Construction,Chattanooga,TN,37408,1009 Taft Avenue,chambersweldingfabrication.com,https://www.linkedin.com/company/chambersweldingfabrication,11-50,1M-5M,1,"We are proud to be a woman and minority owned certified welding & fabrication company with over 25 years of industrial, residential and commercial experience. We provide the best customer service with integrity, safety, and quality products in a timely, efficient manner through our certified and ski","Vibe Prospecting (Explorium) export ds-f4bc136f, 2026-09-03",NOT VERIFIED - dataset carries no phone or email; confirm on the official website before calling
Chattanooga Boiler & Tank,Construction,Chattanooga,TN,37408,1011 East Main Street,cbtank.com,https://www.linkedin.com/company/chattanooga-boiler-and-tank,51-200,10M-25M,1,"Chattanooga Boiler & Tank is the premier fabricator, erector and maintainer of steel plate tanks and vessels. Working with a wide range of steel - including stainless steel, duplex stainless, carbon steel, aluminum, hastelloy and inconel - allows Chattanooga Boiler & Tank to provide our customers wi","Vibe Prospecting (Explorium) export ds-f4bc136f, 2026-09-03",NOT VERIFIED - dataset carries no phone or email; confirm on the official website before calling
Chattanooga Bus Company,Truck Transportation,Chattanooga,TN,37407,2000 East 29Th Street,chattbus.com,https://www.linkedin.com/company/chattanooga-bus-company,1-10,1M-5M,1,,"Vibe Prospecting (Explorium) export ds-f4bc136f, 2026-09-03",NOT VERIFIED - dataset carries no phone or email; confirm on the official website before calling
"Chattanooga Closet Company, an Artisan Family Brand",Construction,Chattanooga,TN,37408,1901 Broad Street,chattanoogaclosets.com,https://www.linkedin.com/company/chattanoogaclosetcompany,51-200,10M-25M,1,"Chattanooga Closet Company, an Artisan Family Brand, is a design-led closet company that brings artistry to create organization and maximize your space. You will work with the best in the business from our award-winning, highly-trained designers to our professional installers and engineers. We liste","Vibe Prospecting (Explorium) export ds-f4bc136f, 2026-09-03",NOT VERIFIED - dataset carries no phone or email; confirm on the official website before calling
CHATTANOOGA CONTRACTOR LLC,Construction,Chattanooga,TN,37404,1028 Signal Mountain Road,rsucontractors.com,https://www.linkedin.com/company/chattanooga-contractor-llc,11-50,1M-5M,1,"RSU Contractors provides remodeling and renovation services for residential and commercial properties. The company offers kitchen and bathroom remodels, basement finishing, home additions, and whole-home renovations.","Vibe Prospecting (Explorium) export ds-f4bc136f, 2026-09-03",NOT VERIFIED - dataset carries no phone or email; confirm on the official website before calling
CHATTANOOGA DOCK BUILDERS,Construction,Chattanooga,TN,37404,608 South Holtzclaw Avenue,chattanoogadockbuilders.com,https://www.linkedin.com/company/chattanoogadockbuilders,1-10,1M-5M,1,"A division of Holly Hill Construction Inc, Chattanooga Dock Builders strives to serve you as a water front property owner in the greater Chattanooga and surrounding areas by offering tightly crafted boat docks, boat lifts, and associated products. Our goal is to catch your vision and incorporate our","Vibe Prospecting (Explorium) export ds-f4bc136f, 2026-09-03",NOT VERIFIED - dataset carries no phone or email; confirm on the official website before calling
Chattanooga Electrician,Construction,Chattanooga,TN,37402,302 West 6Th Street,chattanoogaelectrician.net,https://www.linkedin.com/company/chattanooga-electrician,11-50,10M-25M,2,"Chattanooga electrician Foster Electric is a BBB A+ company for your residential and commercial electrical needs such as breaker installation, landscape lighting, fan installs, outlet repairs, and more in the Chattanooga TN area. We are your electrical contractor in Chattanooga TN.","Vibe Prospecting (Explorium) export ds-f4bc136f, 2026-09-03",NOT VERIFIED - dataset carries no phone or email; confirm on the official website before calling
"Chattanooga Environmental Lab, LLC",Environmental Services,Chattanooga,TN,37409,3908 Tennessee Avenue Suite B,chattalab.com,https://www.linkedin.com/company/chattanooga-environmental-lab-llc,1-10,500K-1M,2,"Our company offers environmental monitoring products and services so pharmacies no longer have to worry about expense. The MicroBio MB1, MB2, and MB2-HiFlow are all economically friendly air samplers that are very easy to use. Each unit is capable of fulfilling all your sampling needs. Microbial ana","Vibe Prospecting (Explorium) export ds-f4bc136f, 2026-09-03",NOT VERIFIED - dataset carries no phone or email; confirm on the official website before calling
Chattanooga Exteriors,Construction,Chattanooga,TN,37405,179 Hamm Road,chattanoogaexteriors.com,https://www.linkedin.com/company/chattanooga-exteriors-&-renewals-by-andersen-of-chattanooga,11-50,1M-5M,1,"Chattanooga Exteriors provides superior solutions for homeowners who need assistance when it comes to renovating the exterior facade of their homes. By providing durable, low maintenance James Hardie Products in a manner that is professional yet innovative, they can add value and enduring beauty to ","Vibe Prospecting (Explorium) export ds-f4bc136f, 2026-09-03",NOT VERIFIED - dataset carries no phone or email; confirm on the official website before calling
Chattanooga Floor Care,Construction,Chattanooga,TN,37404,2513 East 19Th Street,chattfcs.com,https://www.linkedin.com/company/chattfcs,11-50,10M-25M,2,"Chattanooga Floor Care exists to bring concrete floors to life. Founded by Chattanooga natives Matt and Barry Jeffery in 2014, CFC is a family-owned and operated business that is proud to call Chattanooga home.","Vibe Prospecting (Explorium) export ds-f4bc136f, 2026-09-03",NOT VERIFIED - dataset carries no phone or email; confirm on the official website before calling
Chattanooga Hardwood Center,Wholesale Building Materials,Chattanooga,TN,37404,2420 East Main Street,chattanoogahardwood.com,https://www.linkedin.com/company/chattanooga-hardwood-center,1-10,1M-5M,1,,"Vibe Prospecting (Explorium) export ds-f4bc136f, 2026-09-03",NOT VERIFIED - dataset carries no phone or email; confirm on the official website before calling
Chattanooga Heating & Air,Construction,Chattanooga,TN,37421,200 Brently Woods Drive,chattanoogaairconditioningrepair.com,https://www.linkedin.com/company/chattanoogaheatingair,1-10,1M-5M,1,"Chattanooga Heating & Air is a family-run heating and air conditioning company based in Chattanooga, TN, offering a wide range of HVAC contractor services to ensure your home is comfortable year round. Our services include air conditioning repair, heating, preventative maintenance, system replacemen","Vibe Prospecting (Explorium) export ds-f4bc136f, 2026-09-03",NOT VERIFIED - dataset carries no phone or email; confirm on the official website before calling
"CHATTANOOGA LAND COMPANY, LLC",Construction,Chattanooga,TN,37402,832 Georgia Avenue,visitchattanooga.com,https://www.linkedin.com/company/chattanooga-land-company-llc,11-50,5M-10M,1,,"Vibe Prospecting (Explorium) export ds-f4bc136f, 2026-09-03",NOT VERIFIED - dataset carries no phone or email; confirm on the official website before calling
"Chattanooga Masonry, Inc",Construction,Chattanooga,TN,37416,6511 Middle Drive,chattanoogama.org,https://www.linkedin.com/company/chattanooga-masonry-inc,11-50,1M-5M,1,"Chattanooga Masonry, Inc is a construction company based out of 6511 MIDDLE DR, Chattanooga, Tennessee, United States.","Vibe Prospecting (Explorium) export ds-f4bc136f, 2026-09-03",NOT VERIFIED - dataset carries no phone or email; confirm on the official website before calling
Chattanooga Roofing Contractors,Construction,Chattanooga,TN,37404,2539 Mccallie Avenue,chattanoogacontractorsgroup.com,https://www.linkedin.com/company/chattanooga-roofing-contractors,11-50,10M-25M,2,"We are a residential and commercial roofing contractor that specializes in fluid applied roofing membranes, spray foam roofing, and roof restoration.","Vibe Prospecting (Explorium) export ds-f4bc136f, 2026-09-03",NOT VERIFIED - dataset carries no phone or email; confirm on the official website before calling
"Chattanooga Sewing Machines, LLC",Construction,Chattanooga,TN,37421,2200 Hamilton Place Boulevard,chattanoogasewingmachines.com,https://www.linkedin.com/company/chattanooga-sewing-machines-llc,11-50,10M-25M,2,,"Vibe Prospecting (Explorium) export ds-f4bc136f, 2026-09-03",NOT VERIFIED - dataset carries no phone or email; confirm on the official website before calling
Chattanooga Stone Center,Wholesale Building Materials,Chattanooga,TN,37421,7731 Lee Highway,chattanoogastonecenter.com,https://www.linkedin.com/company/chattanooga-stone-center,11-50,10M-25M,1,"View Big Collection Paul Smith Shoes New York Sale Online | This Is The Best Place To Get Discount Nike Air Max 90 100% Genuine Guarantee, a Fabulous Collection Of The Latest Designs Converse Enjoy No Sales Tax Online Here!","Vibe Prospecting (Explorium) export ds-f4bc136f, 2026-09-03",NOT VERIFIED - dataset carries no phone or email; confirm on the official website before calling
"Chattanooga Trailer & Rental, Inc.",Truck Transportation,Chattanooga,TN,37421,7445 Lee Highway,chattanoogatrailer.com,https://www.linkedin.com/company/chattanooga-trailer-&-rental-inc.,11-50,5M-10M,3,"Chattanooga Trailer & Rental, Inc. is a full-service trailer dealership established in 1974. They offer a range of trailers from trusted brands like Sure-Trac, Felling, Cam Superline, and more for sale or lease. The company provides rental and leasing options for utility and equipment trailers, as w","Vibe Prospecting (Explorium) export ds-f4bc136f, 2026-09-03",NOT VERIFIED - dataset carries no phone or email; confirm on the official website before calling
"CHATTANOOGA TREE SERVICE, INC.",Facilities Services,Chattanooga,TN,37421,8776 Igou Gap Road,chattanoogatree.com,https://www.linkedin.com/company/chattanooga-tree-service-inc.,1-10,500K-1M,1,We are The REAL Chattanooga Tree Service Inc. Your Chattanooga tree service experts since 1975.,"Vibe Prospecting (Explorium) export ds-f4bc136f, 2026-09-03",NOT VERIFIED - dataset carries no phone or email; confirm on the official website before calling
Chattanooga Window Tinting,Construction,Chattanooga,TN,37421,5909 Lee Highway,chattanoogawindowtinting.com,https://www.linkedin.com/company/chattanooga-window-tinting,11-50,1M-5M,1,"Chattanooga Window Tinting, your solar control specialists.","Vibe Prospecting (Explorium) export ds-f4bc136f, 2026-09-03",NOT VERIFIED - dataset carries no phone or email; confirm on the official website before calling
Chazler Inc,Construction,Chattanooga,TN,37421,104 Cedar Lane,chazler.com,https://www.linkedin.com/company/chazler-inc,1-10,1M-5M,1,"Chazler Inc is a construction company based out of 104 Cedar Ln, Chattanooga, TN, United States.","Vibe Prospecting (Explorium) export ds-f4bc136f, 2026-09-03",NOT VERIFIED - dataset carries no phone or email; confirm on the official website before calling
Chickamauga Construction,Construction,Chattanooga,TN,37415,3500 Lamar Avenue,chickamaugaconstruction.com,https://www.linkedin.com/company/chickamaugaconstruction,1-10,1M-5M,1,"Chickamauga Construction (CC) is a service disabled veteran owned company operating in the greater Chattanooga area. CC operations are centered on, excavation, land clearing, and concrete construction. The companys owner has over 20 years experience constructing mega projects all across the country ","Vibe Prospecting (Explorium) export ds-f4bc136f, 2026-09-03",NOT VERIFIED - dataset carries no phone or email; confirm on the official website before calling
Chorba Contracting Corp,Construction,Chattanooga,TN,37406,2901 Riverport Road,chorbacontracting.com,https://www.linkedin.com/company/chorba-contracting-corp,11-50,10M-25M,2,,"Vibe Prospecting (Explorium) export ds-f4bc136f, 2026-09-03",NOT VERIFIED - dataset carries no phone or email; confirm on the official website before calling
"Citadel Logistics, LLC",Truck Transportation,Chattanooga,TN,37405,100 Cherokee Boulevard Suite 308,citadellogistics.com,https://www.linkedin.com/company/citadel-logistics-llc,1-10,1M-5M,1,"Citadel Logistics is an exclusive agent with Landstar. Citadel Logistics is vying to be the preferred partner of the transportation chain for shippers and carriers alike. Through expert management, paramount service and unmatched technologies we feel we can minimize shipping cost while managing cust","Vibe Prospecting (Explorium) export ds-f4bc136f, 2026-09-03",NOT VERIFIED - dataset carries no phone or email; confirm on the official website before calling
City Scope Magazine,Construction,Chattanooga,TN,37402,629 Broad Street,cityscopemag.com,https://www.linkedin.com/company/city-scope-magazine,11-50,10M-25M,2,"CityScope Magazine is a magazine publishing company that covers lifestyle, fashion, and event news.","Vibe Prospecting (Explorium) export ds-f4bc136f, 2026-09-03",NOT VERIFIED - dataset carries no phone or email; confirm on the official website before calling
CityGreen Services,Environmental Services,Chattanooga,TN,37406,2713 Wood Avenue,citygreenservices.com,https://www.linkedin.com/company/citygreen-services,11-50,1M-5M,2,Our team is comprised of detail-oriented industry leaders that are certain to keep your properties in pristine condition. CityGreen Services has been providing premier landscape installation and maintenance services to our commercial and residential clients for over 20 years. We are committed to pro,"Vibe Prospecting (Explorium) export ds-f4bc136f, 2026-09-03",NOT VERIFIED - dataset carries no phone or email; confirm on the official website before calling
"Clean Right Solutions, LLC",Facilities Services,Chattanooga,TN,37406,1140 Latta Street Suite 4,cleanrightsolutions.com,https://www.linkedin.com/company/clean-right-solutions,11-50,1M-5M,1,"We offer Commercial Cleaning for most facilities to include: - Office and Facility cleaning for nightly, weekly or a custom interval that works best for you. - Restroom Services to help keep your restrooms cleaned up, disinfected & stocked. - Commercial window cleaning - Commercial floor care and fl","Vibe Prospecting (Explorium) export ds-f4bc136f, 2026-09-03",NOT VERIFIED - dataset carries no phone or email; confirm on the official website before calling
Clean Sweep inc,Facilities Services,Chattanooga,TN,37415,4100 Dayton Boulevard,cleansweepinc.com,https://www.linkedin.com/company/cleansweepinc,51-200,10M-25M,1,"One Call Does It All! We are nationally Certified Sweeping Company through NAPSA.com We sweep Roads ,Parking areas, Subdivisions,Municipalities. but most importantly, We Keep YOU looking Great! We are Available to meet your emergency needs 24/7 We are Who YOU call , When you don't Know WHO to call!","Vibe Prospecting (Explorium) export ds-f4bc136f, 2026-09-03",NOT VERIFIED - dataset carries no phone or email; confirm on the official website before calling
CNE AFFORDABLE HOUSING LIMITED PARTNERSHIP V,Construction,Chattanooga,TN,37408,1500 Chestnut Street,cneinc.org,https://www.linkedin.com/company/cne-affordable-housing-limited-partnership-v,11-50,5M-10M,1,,"Vibe Prospecting (Explorium) export ds-f4bc136f, 2026-09-03",NOT VERIFIED - dataset carries no phone or email; confirm on the official website before calling
Collier Construction,Construction,Chattanooga,TN,37405,901 Cherokee Boulevard Number A,collierbuild.com,https://www.linkedin.com/company/ethan-collier-construction-co,1-10,1M-5M,1,"Ethan Collier Construction Co is a construction company based out of 901 Cherokee Blvd # A, Chattanooga, Tennessee, United States.","Vibe Prospecting (Explorium) export ds-f4bc136f, 2026-09-03",NOT VERIFIED - dataset carries no phone or email; confirm on the official website before calling
Competition Athletic Surfaces,Construction,Chattanooga,TN,37406,3205 North Hawthorne Street,competitionathleticsurfaces.com,https://www.linkedin.com/company/competition-athletic-surfaces,1-10,1M-5M,1,"Competition Athletic Surfaces is a Construction company located in 3205 N Hawthorne St, Chattanooga, Tennessee, United States.","Vibe Prospecting (Explorium) export ds-f4bc136f, 2026-09-03",NOT VERIFIED - dataset carries no phone or email; confirm on the official website before calling
Concrete Connections,Construction,Chattanooga,TN,37403,871 Mccallie Avenue,concreteconnections.net,https://www.linkedin.com/company/concrete-connections,11-50,1M-5M,1,"Concrete Connections is Eau Claire Wisconsins premier decorative concrete company. Whether stained concrete, stamped concrete, stenciled concrete, exposed aggregate, or decorative concrete Concrete Connections in Eau Clairie Wisconsin, in the Chippewa Valley is your best choice.","Vibe Prospecting (Explorium) export ds-f4bc136f, 2026-09-03",NOT VERIFIED - dataset carries no phone or email; confirm on the official website before calling
Concrete Repair Specialist LLC,Construction,Chattanooga,TN,37404,2201 East Main Street,concreterepairspecialist.com,https://www.linkedin.com/company/concrete-repair-specialist-llc,1-10,1M-5M,1,"Concrete Repair Specialist is a locally owned company serving the greater Chattanooga area. We offer a range of decorative concrete installations from custom patios, driveway and pool decks to dock and warehouse repairs and chemically resistant coatings for industry. We also do polished concrete flo","Vibe Prospecting (Explorium) export ds-f4bc136f, 2026-09-03",NOT VERIFIED - dataset carries no phone or email; confirm on the official website before calling
Concrete Surfaces Unlimited,Construction,Chattanooga,TN,37411,4116 Mayfair Avenue,concretesurfaces.net,https://www.linkedin.com/company/concrete-surfaces-unlimited,1-10,1M-5M,1,,"Vibe Prospecting (Explorium) export ds-f4bc136f, 2026-09-03",NOT VERIFIED - dataset carries no phone or email; confirm on the official website before calling
"Construction Consultants, Inc.",Construction,Chattanooga,TN,37404,1709 South Holtzclaw Avenue,design-and-build.com,https://www.linkedin.com/company/construction-consultants-inc-,11-50,1M-5M,1,Construction Consultants has been Chattanooga's design / build construction specialist since 1981. With a variety of projects throughout the southeast ranging from office buildings and tenant build-outs to medical buildings and mid rise hospitality developments. Our in-house design team along with o,"Vibe Prospecting (Explorium) export ds-f4bc136f, 2026-09-03",NOT VERIFIED - dataset carries no phone or email; confirm on the official website before calling
CORE Safety Group,Construction,Chattanooga,TN,37421,6148 Lee Highway,coresafety.com,https://www.linkedin.com/company/core-safety-group,51-200,10M-25M,3,"About CORE Safety QUALIFICATIONS: Our leadership members at CORE Safety Group have degrees in Occupational Safety Management and hold credentials that are certified through the Board of Certified Safety Professionals, such as: Certified Safety Professional (CSP) Construction Health and Safety Techni","Vibe Prospecting (Explorium) export ds-f4bc136f, 2026-09-03",NOT VERIFIED - dataset carries no phone or email; confirm on the official website before calling
"CORNERSTONE FREIGHT, L.L.C.",Freight And Package Transportation,Chattanooga,TN,37421,103 Jordan Drive,cornerstonefreight.com,https://www.linkedin.com/company/cornerstone-freight-l.l.c.,11-50,1M-5M,1,,"Vibe Prospecting (Explorium) export ds-f4bc136f, 2026-09-03",NOT VERIFIED - dataset carries no phone or email; confirm on the official website before calling
"Corporate Medical Services, Powered by WorkforceQA",Truck Transportation,Chattanooga,TN,,5490 Dayton Boulevard,corporatemedicalservices.com,https://www.linkedin.com/company/corporate-medical-services,11-50,1M-5M,1,"Corporate Medical Services (CMS) and WorkforceQA have combined to provide a powerhouse for employee screening solutions. Together, we provide the best in background screening and drug testing for a wide range of industries. Our goal is to provide the fastest reporting times in the industry while als","Vibe Prospecting (Explorium) export ds-f4bc136f, 2026-09-03",NOT VERIFIED - dataset carries no phone or email; confirm on the official website before calling
CourtTech USA,Construction,Chattanooga,TN,37415,3861 Hixson Pike,courttechusa.com,https://www.linkedin.com/company/courttech-usa,1-10,1M-5M,1,"Based on decades of experiences in the squash market, we know the secrets of success and how to translate them into successful and economical facilities. We have a passion for squash, and it translates into our products and service.","Vibe Prospecting (Explorium) export ds-f4bc136f, 2026-09-03",NOT VERIFIED - dataset carries no phone or email; confirm on the official website before calling
Covenant Trucking Inc,Construction,Chattanooga,TN,37419,400 Birmingham Highway,covenanttransport.com,https://www.linkedin.com/company/covenant-trucking-inc,11-50,5M-10M,15,,"Vibe Prospecting (Explorium) export ds-f4bc136f, 2026-09-03",NOT VERIFIED - dataset carries no phone or email; confirm on the official website before calling
CRETESTAR,Construction,Chattanooga,TN,37408,2320 Gifford Street,cretestar.us,https://www.linkedin.com/company/crete-star,11-50,1M-5M,1,"CRETESTAR is Chattanooga, North Georgia, and North Alabama's leader in concrete coatings, stains, polishing and sealing for commercial, industrial, and residential customers.","Vibe Prospecting (Explorium) export ds-f4bc136f, 2026-09-03",NOT VERIFIED - dataset carries no phone or email; confirm on the official website before calling
Crown Subaru,Wholesale Motor Vehicles And Parts,Chattanooga,TN,37402,900 Riverfront Parkway,crownsubarutn.com,https://www.linkedin.com/company/crown-subaru,51-200,10M-25M,3,,"Vibe Prospecting (Explorium) export ds-f4bc136f, 2026-09-03",NOT VERIFIED - dataset carries no phone or email; confirm on the official website before calling
CROXALL CONSTRUCTION COMPANY LLC,Construction,Chattanooga,TN,37406,2301 Riverside Drive,croxall.construction,https://www.linkedin.com/company/croxall-construction-company-llc,11-50,5M-10M,1,,"Vibe Prospecting (Explorium) export ds-f4bc136f, 2026-09-03",NOT VERIFIED - dataset carries no phone or email; confirm on the official website before calling
CSI Construction Specification Institute Chattanooga Chapter,Construction,Chattanooga,TN,,,chattanoogacsi.org,https://www.linkedin.com/company/csi-construction-specification-institute-chattanooga-chapter,11-50,1M-5M,1,Check out the Chattanooga Chapter of CSI,"Vibe Prospecting (Explorium) export ds-f4bc136f, 2026-09-03",NOT VERIFIED - dataset carries no phone or email; confirm on the official website before calling
Curbed Construction,Construction,Chattanooga,TN,37408,623 East Main Street Suite 101,curbedconstruction.com,https://www.linkedin.com/company/curbed-construction,11-50,1M-5M,1,"Curbed Construction was formed out of necessity. As owners and developers ourselves, we were constantly looking for contractors who understood the unique needs of small to mid-sized commercial projects. We look to bridge the gap and make executing on your projects easier than ever. Let us keep your ","Vibe Prospecting (Explorium) export ds-f4bc136f, 2026-09-03",NOT VERIFIED - dataset carries no phone or email; confirm on the official website before calling
Dacus Moving and Restoration,Freight And Package Transportation,Chattanooga,TN,37407,3407 4Th Avenue,webs.com,https://www.linkedin.com/company/dacus-moving-and-restoration,11-50,1M-5M,1,,"Vibe Prospecting (Explorium) export ds-f4bc136f, 2026-09-03",NOT VERIFIED - dataset carries no phone or email; confirm on the official website before calling
Dawson Lawn Service,Facilities Services,Chattanooga,TN,37421,6003 Pinehurst Avenue,dawsonlawnservice.net,https://www.linkedin.com/company/dawson-lawn-service,1-10,500K-1M,2,,"Vibe Prospecting (Explorium) export ds-f4bc136f, 2026-09-03",NOT VERIFIED - dataset carries no phone or email; confirm on the official website before calling
DB Waterproofing LLC,Construction,Chattanooga,TN,37412,3614 Gleason Drive,dbwaterproofing.com,https://www.linkedin.com/company/db-waterproofing-llc,11-50,1M-5M,1,"DB Waterproofing LLC is a construction company based out of 3614 GLEASON DR, Chattanooga, Tennessee, United States.","Vibe Prospecting (Explorium) export ds-f4bc136f, 2026-09-03",NOT VERIFIED - dataset carries no phone or email; confirm on the official website before calling
DBS Corporation - General Contractor,Construction,Chattanooga,TN,37402,537 Market Street Suite 402,dbscorporation.com,https://www.linkedin.com/company/dbs-corporation,51-200,10M-25M,1,"DBS Corporation is a Tennessee-based general contractor specializing in industrial, commercial and retail construction throughout the Southeast, Midwest, and mid-Atlantic United States. With 25 years of experience, DBS Corporation has gained a reputation in more than 20 states for conducting busines","Vibe Prospecting (Explorium) export ds-f4bc136f, 2026-09-03",NOT VERIFIED - dataset carries no phone or email; confirm on the official website before calling
DeFoor Brothers LLC,Construction,Chattanooga,TN,37402,801 Broad Street,defoorbrothers.com,https://www.linkedin.com/company/defoor-brothers-llc,11-50,5M-10M,1,,"Vibe Prospecting (Explorium) export ds-f4bc136f, 2026-09-03",NOT VERIFIED - dataset carries no phone or email; confirm on the official website before calling
"DEXTER W. WHITE CONSTRUCTION, LLC",Construction,Chattanooga,TN,37408,2401 Broad Street,dexterwhiteconstruction.com,https://www.linkedin.com/company/dexter-w.-white-construction-llc,1-10,1M-5M,1,This is a paragraph. Donec gravida posuere arcu. Nulla facilisi. Phasellus imperdiet. Vestibulum at metus. Integer euismod. Nullam placerat rhoncus sapien. Ut,"Vibe Prospecting (Explorium) export ds-f4bc136f, 2026-09-03",NOT VERIFIED - dataset carries no phone or email; confirm on the official website before calling
Dillard Construction Inc,Construction,Chattanooga,TN,37402,1101 Broad Street,dillardconstruction.com,https://www.linkedin.com/company/dillard-construction-inc,11-50,10M-25M,2,"Dillard Construction Inc is a construction company based out of 1101 Broad Street STE 205, Chattanooga, TN","Vibe Prospecting (Explorium) export ds-f4bc136f, 2026-09-03",NOT VERIFIED - dataset carries no phone or email; confirm on the official website before calling
Division One Services,Facilities Services,Chattanooga,TN,37421,5959 Shallowford Road 103,d-1services.com,https://www.linkedin.com/company/d-1services,11-50,1M-5M,1,Division-1 is a commercial cleaning business located in the Greater Chattanooga area. We provide quality service for facilities in Chattanooga and the surrounding cities. Our mission at Division-1 is simple: to provide high-quality services for our valued clients. Our team goes above and beyond to c,"Vibe Prospecting (Explorium) export ds-f4bc136f, 2026-09-03",NOT VERIFIED - dataset carries no phone or email; confirm on the official website before calling
Dm Tours,Truck Transportation,Chattanooga,TN,37412,1644 Springvale Road,dmtours.net,https://www.linkedin.com/company/dm-tours,1-10,1M-5M,1,,"Vibe Prospecting (Explorium) export ds-f4bc136f, 2026-09-03",NOT VERIFIED - dataset carries no phone or email; confirm on the official website before calling
"DOCU-MED, LLC","Water, Waste, Steam, And Air Conditioning Services",Chattanooga,TN,37408,2114 Fort Street,documedllc.com,https://www.linkedin.com/company/docu-med-llc,11-50,5M-10M,1,,"Vibe Prospecting (Explorium) export ds-f4bc136f, 2026-09-03",NOT VERIFIED - dataset carries no phone or email; confirm on the official website before calling
DoorBaffles.com,Construction,Chattanooga,TN,,,doorbaffles.com,https://www.linkedin.com/company/doorbaffles.com,1-10,1M-5M,1,"For several years DoorBaffles.com has been designing, implementing and instructing customers on the misdiagnosed and often under emphasized dangers of doorway jamb to threshold entrapment, and the precautions home elevator owners should take to protect their children and grandchildren from these saf","Vibe Prospecting (Explorium) export ds-f4bc136f, 2026-09-03",NOT VERIFIED - dataset carries no phone or email; confirm on the official website before calling
Double Ace Lawn Maintenance,Facilities Services,Chattanooga,TN,37416,9045 Waconda Shore Drive,doubleacelawn.com,https://www.linkedin.com/company/double-ace-lawn-maintenance,11-50,1M-5M,1,,"Vibe Prospecting (Explorium) export ds-f4bc136f, 2026-09-03",NOT VERIFIED - dataset carries no phone or email; confirm on the official website before calling
"Doug Yates Towing & Recovery, LLC",Truck Transportation,Chattanooga,TN,37407,2220 East 23Rd Street,yateswrecker.com,https://www.linkedin.com/company/doug-yates-towing-recovery-llc,51-200,10M-25M,7,"At Doug Yates Towing & Recovery, LLC, we strive to consistently provide the superior care and service that our customers have come to expect and maintain our distinction as ""The Heavy Duty Towing & Recovery Professionals"". As one of the premier vendors in the nation, we are recognized for a diverse ","Vibe Prospecting (Explorium) export ds-f4bc136f, 2026-09-03",NOT VERIFIED - dataset carries no phone or email; confirm on the official website before calling
"DWELL DESIGNED CONSTRUCTION, LLC",Construction,Chattanooga,TN,37404,1900 East Main Street,dwelldesignedconstruction.com,https://www.linkedin.com/company/dwell-designed-construction-llc,11-50,5M-10M,2,"DWELL DESIGNED CONSTRUCTION, LLC is a company based out of 1900 E MAIN ST, Chattanooga, Tennessee, United States.","Vibe Prospecting (Explorium) export ds-f4bc136f, 2026-09-03",NOT VERIFIED - dataset carries no phone or email; confirm on the official website before calling
Dyna-Tech Gutter Solutions,Facilities Services,Chattanooga,TN,37421,6234 Perimeter Drive Suite G102,dynatechgs.com,https://www.linkedin.com/company/dyna-tech-gutter-solutions,1-10,500K-1M,1,At Dyna-Tech Gutter Solutions we strive to provide you with quality workmanship at an affordable price. We are a locally owned small business with no corporate executives or board of directors wanting a portion of your hard-earned dollars. That allows us to keep our costs more affordable than the la,"Vibe Prospecting (Explorium) export ds-f4bc136f, 2026-09-03",NOT VERIFIED - dataset carries no phone or email; confirm on the official website before calling
East Chattanooga Lumber & Supply Co.,Wholesale Building Materials,Chattanooga,TN,37406,1609 Elmendorf Street,eastchattanoogalumber.com,https://www.linkedin.com/company/east-chattanooga-lumber-&-supply-co-,11-50,10M-25M,1,"Chattanooga's premier dealer of quality building materials. Andersen Windows & James Hardie Siding, custom millwork shops and much more. Professional staff and large product offering to meet all your new construction and remodeling needs. Call us today - 423-648-5550","Vibe Prospecting (Explorium) export ds-f4bc136f, 2026-09-03",NOT VERIFIED - dataset carries no phone or email; confirm on the official website before calling
East Ridge Electric,Construction,Chattanooga,TN,37412,5715 Ringgold Road,eastridgeelectric.com,https://www.linkedin.com/company/east-ridge-electric,11-50,1M-5M,1,"Contact us at (844) 325-2887 in Chattanooga, TN, for services from an electrical contractor at our company.","Vibe Prospecting (Explorium) export ds-f4bc136f, 2026-09-03",NOT VERIFIED - dataset carries no phone or email; confirm on the official website before calling
East Tennessee Electric,Construction,Chattanooga,TN,37421,6239 Airpark Drive,easttnelectric.net,https://www.linkedin.com/company/east-tennessee-electric,1-10,1M-5M,2,,"Vibe Prospecting (Explorium) export ds-f4bc136f, 2026-09-03",NOT VERIFIED - dataset carries no phone or email; confirm on the official website before calling
Ebus Inc,Truck Transportation,Chattanooga,TN,37421,7801 Lee Highway,fcebus.wixsite.com,https://www.linkedin.com/company/ebus-inc,11-50,1M-5M,1,Ebus provides retrofitting the buses from fossil fuel powered to battery-electric buses.,"Vibe Prospecting (Explorium) export ds-f4bc136f, 2026-09-03",NOT VERIFIED - dataset carries no phone or email; confirm on the official website before calling
"ELDER'S ACE HARDWARE OF SOUTH KNOXVILLE, LLC",Wholesale Building Materials,Chattanooga,TN,37416,4921 Highway 58,eldershardware.com,https://www.linkedin.com/company/elder's-ace-hardware-of-south-knoxville-llc,11-50,10M-25M,1,Elder's ace hardware,"Vibe Prospecting (Explorium) export ds-f4bc136f, 2026-09-03",NOT VERIFIED - dataset carries no phone or email; confirm on the official website before calling
Electrician Chattanooga,Construction,Chattanooga,TN,37421,2626 Walker Road,chattanoogaelectricians.com,https://www.linkedin.com/company/electrician-chattanooga,1-10,1M-5M,1,"For more than 10 years, Foster Electric has been among the highest rated Chattanooga Electricians supplying residential, commercial, and industrial electrical services in the Chattanooga, TN area. Our commitment to you, the customer, is unsurpassed in the industry and your complete satisfaction is o","Vibe Prospecting (Explorium) export ds-f4bc136f, 2026-09-03",NOT VERIFIED - dataset carries no phone or email; confirm on the official website before calling
Elevated Exteriors,Construction,Chattanooga,TN,37415,2118 Dayton Boulevard,elevatedexteriors.org,https://www.linkedin.com/company/elevatedexteriors,11-50,1M-5M,1,"At Elevated Exteriors, we strive to elevate and enrich the lives of those in our community through our unmatched customer service and dedication to each project we work on. Our high quality materials and professional workmanship help our customers bring their home improvement visions to life without","Vibe Prospecting (Explorium) export ds-f4bc136f, 2026-09-03",NOT VERIFIED - dataset carries no phone or email; confirm on the official website before calling
"Embark Project Services, LLC",Construction,Chattanooga,TN,37421,6234 Perimeter Drive Suite B102,embarkps.com,https://www.linkedin.com/company/embark-project-services-llc,11-50,1M-5M,1,"Embark provides Residential, Commercial, Plumbing, and Electrical Construction Services. With over 35 years of experience spanning all types of construction, we bring all parties together to ensure the clients vision is achieved in cost effective, coordinated manner with the highest quality. Simply,","Vibe Prospecting (Explorium) export ds-f4bc136f, 2026-09-03",NOT VERIFIED - dataset carries no phone or email; confirm on the official website before calling
"ENVIRONMENTAL & HYGIENE SAFETY, INC",Environmental Services,Chattanooga,TN,37405,,ehsafety.com,https://www.linkedin.com/company/environmental-&-hygiene-safety-inc,1-10,500K-1M,1,,"Vibe Prospecting (Explorium) export ds-f4bc136f, 2026-09-03",NOT VERIFIED - dataset carries no phone or email; confirm on the official website before calling
EVS Inc. (Engineered Verdant Solutions),Environmental Services,Chattanooga,TN,37402,1604 Carter Street Suite 302,evsenvironmental.com,https://www.linkedin.com/company/evs-inc.-engineered-verdant-solutions-,1-10,500K-1M,1,"Committed to increasing the vegetation in, on and around our city buildings.","Vibe Prospecting (Explorium) export ds-f4bc136f, 2026-09-03",NOT VERIFIED - dataset carries no phone or email; confirm on the official website before calling
Express Dedicated LLC,Truck Transportation,Chattanooga,TN,37402,200 West Martin Luther King Boulevard,expressdedicated.com,https://www.linkedin.com/company/express-dedicated-llc,51-200,10M-25M,1,"Express Dedicated LLC is a premier company specializing in expedited high-value shipping services. We provide seamless, reliable shipping services with the right solutions to our global and domestic clients alike. In order to maintain the level of service.","Vibe Prospecting (Explorium) export ds-f4bc136f, 2026-09-03",NOT VERIFIED - dataset carries no phone or email; confirm on the official website before calling
Factory Sales Agency,Wholesale Building Materials,Chattanooga,TN,37421,5959 Shallowford Road Number 315,fsalighting.com,https://www.linkedin.com/company/factory-sales-agency,11-50,10M-25M,1,,"Vibe Prospecting (Explorium) export ds-f4bc136f, 2026-09-03",NOT VERIFIED - dataset carries no phone or email; confirm on the official website before calling
Faulkner Tree Services,Facilities Services,Chattanooga,TN,37402,106 West M L King Boulevard,faulknertreeservice.com,https://www.linkedin.com/company/faulkner-tree-services,11-50,1M-5M,1,,"Vibe Prospecting (Explorium) export ds-f4bc136f, 2026-09-03",NOT VERIFIED - dataset carries no phone or email; confirm on the official website before calling
FlyLock Security Solutions-Chattanooga,Facilities Services,Chattanooga,TN,37421,2212 Encompass Road Suite 166,flyinglocksmiths.com,https://www.linkedin.com/company/tflchattanooga,1-10,500K-1M,1,The Flying Locksmiths-Greater Chattanooga & NW Georgia are proud to be part of a 73- year old family owned business and the largest locksmith company in the country. We service both Commercial and Residential clients. Our services range from antique locks and keys to card access systems. We install ,"Vibe Prospecting (Explorium) export ds-f4bc136f, 2026-09-03",NOT VERIFIED - dataset carries no phone or email; confirm on the official website before calling
Fulmer Concrete Construction,Construction,Chattanooga,TN,37416,4845 Geminus Drive,fulmerconcrete.com,https://www.linkedin.com/company/fulmerconcreteconstruction,51-200,10M-25M,1,"As one of the largest concrete construction companies in Eastern Tennessee and North Georgia areas, our mission is to meet and exceed our clients expectations while providing the highest levels of service excellence in the concrete industry. Fulmer Concrete is a privately owned commercial concrete b","Vibe Prospecting (Explorium) export ds-f4bc136f, 2026-09-03",NOT VERIFIED - dataset carries no phone or email; confirm on the official website before calling
GenTech Construction,Construction,Chattanooga,TN,37402,820 Broad Street Suite 200,gentechconstruction.com,https://www.linkedin.com/company/gentech-construction,11-50,1M-5M,1,"GenTech Construction LLC provides value-added construction services that exceed client expectations through a combination of teamwork, communication, collaboration, and personal integrity. Targeting the tri-state area of Tennessee, Alabama, and Georgia, the company focuses on commercial construction","Vibe Prospecting (Explorium) export ds-f4bc136f, 2026-09-03",NOT VERIFIED - dataset carries no phone or email; confirm on the official website before calling
Giorgio Mens Warehouse LLC,Construction,Chattanooga,TN,37402,704 Market Street,giorgiomenswarehouse.com,https://www.linkedin.com/company/giorgio-mens-warehouse-llc,11-50,1M-5M,1,704 Market Street Chattanooga TN 37402,"Vibe Prospecting (Explorium) export ds-f4bc136f, 2026-09-03",NOT VERIFIED - dataset carries no phone or email; confirm on the official website before calling
GLASS HOUSE COLLECTIVE,Construction,Chattanooga,TN,37406,,glasshousecollective.org,https://www.linkedin.com/company/glass-house-collective,1-10,1M-5M,1,"Glass House is a company committed to involving artists in projects that will make the street cleaner, safer, and better.","Vibe Prospecting (Explorium) export ds-f4bc136f, 2026-09-03",NOT VERIFIED - dataset carries no phone or email; confirm on the official website before calling
"Global Environmental, LLC",Environmental Services,Chattanooga,TN,37410,306 Workman Road,globalenvt.com,https://www.linkedin.com/company/global-environmental-llc,11-50,1M-5M,1,"Global is a full-service environmental and industrial maintenance company focused on the health, safety, and sustainability needs of our regional business partnerships. Our mission is to provide our partners with unparalleled service while maintaining the integrity of the environment.","Vibe Prospecting (Explorium) export ds-f4bc136f, 2026-09-03",NOT VERIFIED - dataset carries no phone or email; confirm on the official website before calling
Go Get It Transportation,Truck Transportation,Chattanooga,TN,37421,Chattanooga,gogetittransportation.com,https://www.linkedin.com/company/go-get-it-transportation,1-10,1M-5M,1,"Our mission at Go Get It Transportation is simple: to provide high-quality services in a timely manner. Our team caters to each projects specific needs to ensure excellence. For more information or general inquiries, feel free to get in touch today.","Vibe Prospecting (Explorium) export ds-f4bc136f, 2026-09-03",NOT VERIFIED - dataset carries no phone or email; confirm on the official website before calling
Goggin Warehousing,Truck Transportation,Chattanooga,TN,37406,1609 Elmendorf Street,gogginwarehousing.com,https://www.linkedin.com/company/goggin-warehousing,1-10,1M-5M,1,,"Vibe Prospecting (Explorium) export ds-f4bc136f, 2026-09-03",NOT VERIFIED - dataset carries no phone or email; confirm on the official website before calling
Grace Construction Consultants,Construction,Chattanooga,TN,37411,5726 Marlin Road,grace-cc.com,https://www.linkedin.com/company/grace-construction-consultants,51-200,10M-25M,1,"Originally Grace was established as a development company, focused on alignment with developers, to provide seamless leadership through the course of a project. Logically, it made sense to establish a construction division to manage the greatest risk in a project. Soon thereafter, we realized the ne","Vibe Prospecting (Explorium) export ds-f4bc136f, 2026-09-03",NOT VERIFIED - dataset carries no phone or email; confirm on the official website before calling
"Greene Skirts, LLC",Environmental Services,Chattanooga,TN,37403,518 Georgia Avenue,greeneskirts.com,https://www.linkedin.com/company/greene-skirts-llc,1-10,500K-1M,1,"Greene Skirts pairs eco-minded companies that want to create an environmental impact along with independent tractor-trailer drivers. Through our Adopt-a-Truck program, companies can choose to adopt a truck using trailer skirts only or a combination of a set of skirts and a tail. With skirts only, th","Vibe Prospecting (Explorium) export ds-f4bc136f, 2026-09-03",NOT VERIFIED - dataset carries no phone or email; confirm on the official website before calling
green|spaces,Environmental Services,Chattanooga,TN,37408,,greenspaceschattanooga.org,https://www.linkedin.com/company/greenspacescha,11-50,1M-5M,3,"green|spaces is a 501(c)(3) nonprofit based in Chattanooga, Tennessee. Our mission is to work toward regional sustainability by progressing the way we live, work and build in Chattanooga and the surrounding region. We have completed and are working on a variety of projects including Empower Chattano","Vibe Prospecting (Explorium) export ds-f4bc136f, 2026-09-03",NOT VERIFIED - dataset carries no phone or email; confirm on the official website before calling
"Groundscape Concepts, LLC",Construction,Chattanooga,TN,37406,2005 Stuart Street,groundscapeconcepts.com,https://www.linkedin.com/company/groundscape-concepts-llc,11-50,10M-25M,2,"Groundscape Concepts provides erosion control supplies to Chattanooga, Tennessee; North Georgia; and Alabama.","Vibe Prospecting (Explorium) export ds-f4bc136f, 2026-09-03",NOT VERIFIED - dataset carries no phone or email; confirm on the official website before calling
Gsi Travel,Construction,Chattanooga,TN,37421,6706 Willow Trace Drive,gsitravel.com.my,https://www.linkedin.com/company/gsi-travel,1-10,1M-5M,1,Plan your trip with GSI Travel with affordable packages.,"Vibe Prospecting (Explorium) export ds-f4bc136f, 2026-09-03",NOT VERIFIED - dataset carries no phone or email; confirm on the official website before calling
GuideOn Group,Truck Transportation,Chattanooga,TN,37402,1301 Riverfront Parkway Suite 119,guideongroup.com,https://www.linkedin.com/company/guideongroup,51-200,10M-25M,1,"GuideOn brings you a single-source transportation solution that answers your individual needs with a wide breadth of capabilities and resources. With two fleets of assets, a well-rounded brokerage, and an expedient network of terminals throughout the country, GuideOn Group can handle all of your shi","Vibe Prospecting (Explorium) export ds-f4bc136f, 2026-09-03",NOT VERIFIED - dataset carries no phone or email; confirm on the official website before calling
"H&H BROWN, INC",Construction,Chattanooga,TN,37408,1803 Polk Street,handhbrown.com,https://www.linkedin.com/company/h&h-brown-inc,11-50,1M-5M,1,"H & H Brown, Inc. is a family owned business serving the Tri-state area for more than quarter century. Safety is the first priority of our companies and our mission is to exceed your company's requirements and expectations.","Vibe Prospecting (Explorium) export ds-f4bc136f, 2026-09-03",NOT VERIFIED - dataset carries no phone or email; confirm on the official website before calling
Hardcore Construction of Tennessee,Construction,Chattanooga,TN,37404,Main Street,hardcoreconstructionco.com,https://www.linkedin.com/company/hardcore-construction-of-tennessee,1-10,1M-5M,1,"At Hardcore Construction, our design and building process is all about the client experience. The mission our team lives by is: We will provide, through the eyes of our clients, a great design, build or remodel experience. This precise purpose throughout our team drives the desired results for our c","Vibe Prospecting (Explorium) export ds-f4bc136f, 2026-09-03",NOT VERIFIED - dataset carries no phone or email; confirm on the official website before calling
Haskel Sears Design,Construction,Chattanooga,TN,37402,719 Cherry Street,haskelsearsdesign.com,https://www.linkedin.com/company/haskel-sears,1-10,1M-5M,2,Matt Sears' journey in building design and construction started over a decade ago with handcrafted furniture constructed around the nature and possibilities of wood. Walk into a Haskel Sears building today and youll often see one-of-a-kind furniture and fixtures merged into a cohesive design that em,"Vibe Prospecting (Explorium) export ds-f4bc136f, 2026-09-03",NOT VERIFIED - dataset carries no phone or email; confirm on the official website before calling
Havenly Showers,Construction,Chattanooga,TN,37421,121 Honest Street,havenlyshowers.com,https://www.linkedin.com/company/havenly-showers,11-50,1M-5M,1,"Welcome to Havenly Showers, where we are dedicated to revolutionizing the bathroom renovation industry with cutting-edge solutions and exceptional craftsmanship. Based in Chattanooga, TN, we specialize in high-quality porcelain slab shower systems that combine style, durability, and efficiency. Our ","Vibe Prospecting (Explorium) export ds-f4bc136f, 2026-09-03",NOT VERIFIED - dataset carries no phone or email; confirm on the official website before calling
Havron Contracting Corp,Environmental Services,Chattanooga,TN,37408,1513 Williams Street,demosalvage.com,https://www.linkedin.com/company/havron-contracting-corp,1-10,500K-1M,2,,"Vibe Prospecting (Explorium) export ds-f4bc136f, 2026-09-03",NOT VERIFIED - dataset carries no phone or email; confirm on the official website before calling
Hayward Bolt and Specialty,Construction,Chattanooga,TN,37407,2805 South Orchard Knob Avenue,boltandspecialty.com,https://www.linkedin.com/company/hayward-bolt-and-specialty,11-50,1M-5M,1,"Founded in 1976, Hayward Bolt and Specialty Co is a successful woman owned family business. With our massive in stock inventory we want to be your only choice for fasteners (nuts, bolts, screws) and related items. Through the years, we have consistently provided quality products and services to buil","Vibe Prospecting (Explorium) export ds-f4bc136f, 2026-09-03",NOT VERIFIED - dataset carries no phone or email; confirm on the official website before calling
Henley Brothers Construction,Construction,Chattanooga,TN,37404,1215 Duncan Avenue,henleybrothers.com,https://www.linkedin.com/company/henley-brothers-construction,1-10,1M-5M,1,,"Vibe Prospecting (Explorium) export ds-f4bc136f, 2026-09-03",NOT VERIFIED - dataset carries no phone or email; confirm on the official website before calling
Hercules Equipment Pads,Wholesale Building Materials,Chattanooga,TN,,5001 Calhoun Avenue,herculesequipmentpads.com,https://www.linkedin.com/company/hercules-equipment-pads,11-50,10M-25M,1,A U.S. company dedicated to creating the best equipment pad on the planet.,"Vibe Prospecting (Explorium) export ds-f4bc136f, 2026-09-03",NOT VERIFIED - dataset carries no phone or email; confirm on the official website before calling
Hgh Construction LLC,Construction,Chattanooga,TN,37408,1426 Williams Street Suite Q,hghconstruction.com,https://www.linkedin.com/company/hgh-construction-llc,11-50,1M-5M,1,,"Vibe Prospecting (Explorium) export ds-f4bc136f, 2026-09-03",NOT VERIFIED - dataset carries no phone or email; confirm on the official website before calling
"Highway Environmental Response Solutions, LLC",Environmental Services,Chattanooga,TN,37416,,highwayenv.com,https://www.linkedin.com/company/highway-environmental-response-solutions,11-50,1M-5M,1,"Highway Environmental Response Solutions is Your First Call for Spill Response Highway Environmental has trained spill response staff located in the Nashville, Chattanooga, and Knoxville metropolitan areas and provides emergency spill response within 4 hour radius of these cities. Highway Environmen","Vibe Prospecting (Explorium) export ds-f4bc136f, 2026-09-03",NOT VERIFIED - dataset carries no phone or email; confirm on the official website before calling
Honeybee Toys,Facilities Services,Chattanooga,TN,37405,809 Elinor Street,honeybeetoys.com.au,https://www.linkedin.com/company/honeybee-toys,11-50,1M-5M,1,"Honeybee Toys is a leading wholesaler, distributor and retailer specializing in European wooden toys.","Vibe Prospecting (Explorium) export ds-f4bc136f, 2026-09-03",NOT VERIFIED - dataset carries no phone or email; confirm on the official website before calling
Horizon Stone LLC,Wholesale Building Materials,Chattanooga,TN,37407,2515 East 43Rd Street,horizon-stone.net,https://www.linkedin.com/company/horizon-stone-llc,51-200,25M-75M,1,"Horizon Stone LLC is a company based out of 2515 E 43Rd St, Chattanooga, TN, United States.","Vibe Prospecting (Explorium) export ds-f4bc136f, 2026-09-03",NOT VERIFIED - dataset carries no phone or email; confirm on the official website before calling
Hudson Construction Company,Construction,Chattanooga,TN,37406,1615 Sholar Avenue,hudsoncc.com,https://www.linkedin.com/company/hudson-construction-company,11-50,10M-25M,4,"Founded in 1959, Hudson Construction has grown from building fuel centers and small fast-food establishments to constructing multimillion-dollar properties for major retailers and renewable energy. With nearly 60 years of experience, the company remains committed to excellence, integrity, and servin","Vibe Prospecting (Explorium) export ds-f4bc136f, 2026-09-03",NOT VERIFIED - dataset carries no phone or email; confirm on the official website before calling
Hullco,Construction,Chattanooga,TN,37421,7110 East Brainerd Road,hullcoexteriors.com,https://www.linkedin.com/company/hullco-exteriors,11-50,10M-25M,2,"The way we do things is uncommon. At Hullco we are passionate about impacting our customers and our community. For 40 years weve provided a level of service that is different than the rest. And when youre from Tennessee, that means something special. We believe that doing the job right far outweighs","Vibe Prospecting (Explorium) export ds-f4bc136f, 2026-09-03",NOT VERIFIED - dataset carries no phone or email; confirm on the official website before calling
"HUTTON CONSTRUCTION, INC.",Construction,Chattanooga,TN,37402,736 Cherry Street,hutton1.com,https://www.linkedin.com/company/hutton-construction-inc.,51-200,10M-25M,2,,"Vibe Prospecting (Explorium) export ds-f4bc136f, 2026-09-03",NOT VERIFIED - dataset carries no phone or email; confirm on the official website before calling
Idealease of Chattanooga,Truck Transportation,Chattanooga,TN,37407,2601 8Th Avenue Idealease Of Chattanooga,lescoinc.com,https://www.linkedin.com/company/idealease-of-chattanooga,11-50,1M-5M,1,"Commercial truck ownership gets more challenging and costly every day. For many businesses, leasing is a superior financial and operational alternative. Idealease of Chattanooga offers a variety of comprehensive support services that allow you to manage your business more effectively than ever befor","Vibe Prospecting (Explorium) export ds-f4bc136f, 2026-09-03",NOT VERIFIED - dataset carries no phone or email; confirm on the official website before calling
Impact Ceiling Solutions - A Division of Impact Facility Solutions,Facilities Services,Chattanooga,TN,37421,832 Georgia Avenue Suite 345,impactceilingsolutions.com,https://www.linkedin.com/company/impact-ceiling-solutions,1-10,500K-1M,1,"Impact Ceiling Solutions (ICS) has a combined 40 years experience in the Commercial Facility Services and Building Services industry. ICS was formed because of the growing need for Ceiling Cleaning & Restoration. From Restaurants to Schools & Universities, Industrial Facilities & Production Plants, ","Vibe Prospecting (Explorium) export ds-f4bc136f, 2026-09-03",NOT VERIFIED - dataset carries no phone or email; confirm on the official website before calling
Imperial Fence Supply,Wholesale Building Materials,Chattanooga,TN,37404,2050 South Kelley Street,imperialfencesupply.com,https://www.linkedin.com/company/imperial-fence-supply,11-50,10M-25M,4,"Imperial Fence Supply, founded in 2015 by Todd and Laura Jefferies, is a manufacturer and supplier specializing in chain link fabric and products. They offer wholesale pipe, accessories, custom gates, temporary fence panels, and ornamental aluminum fence. The company controls the quality and specifi","Vibe Prospecting (Explorium) export ds-f4bc136f, 2026-09-03",NOT VERIFIED - dataset carries no phone or email; confirm on the official website before calling
"Industrial Fabricators, Inc.",Construction,Chattanooga,TN,37404,2408 Vance Avenue,ifichattanooga.com,https://www.linkedin.com/company/industrial-fabricators-inc,11-50,1M-5M,1,"Industrial Fabricators, Inc. is a fabrication company specializing in providing subfabrication services to large fabricators nationwide. They focus on fabricating miscellaneous metals, light structural steel, and ornamental iron. With a strong emphasis on professional project management, engineering","Vibe Prospecting (Explorium) export ds-f4bc136f, 2026-09-03",NOT VERIFIED - dataset carries no phone or email; confirm on the official website before calling
Industrial Rigging Llc,Construction,Chattanooga,TN,37415,1283 Enclave Road,affordablerigging.com,https://www.linkedin.com/company/industrial-rigging-llc,1-10,1M-5M,1,,"Vibe Prospecting (Explorium) export ds-f4bc136f, 2026-09-03",NOT VERIFIED - dataset carries no phone or email; confirm on the official website before calling
"Integrated Builds, LLC",Construction,Chattanooga,TN,37412,1310 East End Avenue,integratedbuilds.com,https://www.linkedin.com/company/integratedbuilds,11-50,1M-5M,1,Licensed General Contractor in Tennessee and Georgia.,"Vibe Prospecting (Explorium) export ds-f4bc136f, 2026-09-03",NOT VERIFIED - dataset carries no phone or email; confirm on the official website before calling
"Interior Trim & Supply, Inc.",Wholesale Building Materials,Chattanooga,TN,37416,7257 Bonnyshire Drive,interiortrimandsupply.com,https://www.linkedin.com/company/interior-trim-supply-inc,11-50,10M-25M,1,"For all your trim and moulding needs, we will make every effort to provide you with the best products and service possible when and where you need them.","Vibe Prospecting (Explorium) export ds-f4bc136f, 2026-09-03",NOT VERIFIED - dataset carries no phone or email; confirm on the official website before calling
International Equipment Company,Construction,Chattanooga,TN,37405,,iecfst.com,https://www.linkedin.com/company/international-equipment-company,51-200,10M-25M,2,,"Vibe Prospecting (Explorium) export ds-f4bc136f, 2026-09-03",NOT VERIFIED - dataset carries no phone or email; confirm on the official website before calling
J C Curtis Construction Company LLC,Construction,Chattanooga,TN,37406,1507 Wilder Street,jccurtisconstruction.com,https://www.linkedin.com/company/j-c-curtis-construction-company-llc,51-200,10M-25M,3,,"Vibe Prospecting (Explorium) export ds-f4bc136f, 2026-09-03",NOT VERIFIED - dataset carries no phone or email; confirm on the official website before calling
"J.D. HELTON ROOFING COMPANY, INC.",Construction,Chattanooga,TN,37412,,jdheltonroofing.com,https://www.linkedin.com/company/j.d.-helton-roofing-company-inc.,11-50,10M-25M,2,,"Vibe Prospecting (Explorium) export ds-f4bc136f, 2026-09-03",NOT VERIFIED - dataset carries no phone or email; confirm on the official website before calling
"J.M. HANNER CONSTRUCTION CO., INC.",Construction,Chattanooga,TN,37404,1100 South Highland Parks Avenue,jmhannerconstruction.com,https://www.linkedin.com/company/j.m.-hanner-construction-co.-inc.,11-50,1M-5M,1,,"Vibe Prospecting (Explorium) export ds-f4bc136f, 2026-09-03",NOT VERIFIED - dataset carries no phone or email; confirm on the official website before calling
"JBH STEEL, LLC.",Construction,Chattanooga,TN,37408,1803 Polk Street,jbhsteel.com,https://www.linkedin.com/company/jbh-steel-llc.,11-50,5M-10M,1,"JBH Steel, LLC 423-267-9665 We provide steel fabrication, metal fabrication and erection, general contracting, construction management and project management services.","Vibe Prospecting (Explorium) export ds-f4bc136f, 2026-09-03",NOT VERIFIED - dataset carries no phone or email; confirm on the official website before calling
JDB Construction & Roofing,Construction,Chattanooga,TN,37407,2901 East 26Th Street,jdbconstructionllc.com,https://www.linkedin.com/company/jdb-construction-roofing,11-50,1M-5M,1,,"Vibe Prospecting (Explorium) export ds-f4bc136f, 2026-09-03",NOT VERIFIED - dataset carries no phone or email; confirm on the official website before calling
"JDH Company, Inc.",Construction,Chattanooga,TN,37408,1133 East Main Street,jdhcompany.com,https://www.linkedin.com/company/jdh-company-inc,51-200,10M-25M,1,"JDH Company, Inc. is a commercial roofing and sheet metal company based in Chattanooga, Tennessee. Established in 1997, the company specializes in TPO, EPDM, Modified, and Built-Up Roof Systems. JDH Company is recognized for its expertise as a Firestone Master Contractor, Versico's Knighthood Award ","Vibe Prospecting (Explorium) export ds-f4bc136f, 2026-09-03",NOT VERIFIED - dataset carries no phone or email; confirm on the official website before calling
"JENKINS MASONRY, INC.",Construction,Chattanooga,TN,37408,1218 East 23Rd Street,jenkinsmasonryinc.com,https://www.linkedin.com/company/jenkins-masonry-inc.,51-200,10M-25M,1,"423-624-6186 - Find your commercial masonry services like building repairs, renovation, and maintenance at Jenkins Masonry Inc.","Vibe Prospecting (Explorium) export ds-f4bc136f, 2026-09-03",NOT VERIFIED - dataset carries no phone or email; confirm on the official website before calling
Jls Electric Co,Construction,Chattanooga,TN,37415,850 Manchester Drive,jlselectricco.com,https://www.linkedin.com/company/jls-electric-co,11-50,1M-5M,1,,"Vibe Prospecting (Explorium) export ds-f4bc136f, 2026-09-03",NOT VERIFIED - dataset carries no phone or email; confirm on the official website before calling
JMH Woodworking LLC,Construction,Chattanooga,TN,37415,Haywood Avenue,jmhwoodworking.com,https://www.linkedin.com/company/mainframe-shop,1-10,1M-5M,1,"Custom woodworking studio. We specialize in wood countertops, cabinetry, tables, and architectural woodworking. Residential or commercial. We fabricate custom panels, display cases, wall and floor mounted pedestals, and custom crates for artists and galleries. We offer retail display solutions and b","Vibe Prospecting (Explorium) export ds-f4bc136f, 2026-09-03",NOT VERIFIED - dataset carries no phone or email; confirm on the official website before calling
Johnston Enterprises,Construction,Chattanooga,TN,37343,,repairmaintain.com,https://www.linkedin.com/company/johnston-ent,11-50,10M-25M,2,"Johnston Enterprises is a family owned and operated construction company who holds General Contractor licenses in numerous states. We offer excellent facilities maintenance services to existing businesses in occupied commercial buildings all over the country. We specialize in structural repairs, int","Vibe Prospecting (Explorium) export ds-f4bc136f, 2026-09-03",NOT VERIFIED - dataset carries no phone or email; confirm on the official website before calling
Keefe Plumbing Co,Construction,Chattanooga,TN,37404,1820 East 23Rd Street,keefeplumbing.com,https://www.linkedin.com/company/keefe-plumbing-co,1-10,1M-5M,2,"Keefe Plumbing Co is a construction company based out of 1820 E 23Rd St, Chattanooga, TN, United States.","Vibe Prospecting (Explorium) export ds-f4bc136f, 2026-09-03",NOT VERIFIED - dataset carries no phone or email; confirm on the official website before calling
Keon Transport LLC,Truck Transportation,Chattanooga,TN,37415,931 Ashland Terrace,keontransport.com,https://www.linkedin.com/company/keon-transport-llc,1-10,1M-5M,1,,"Vibe Prospecting (Explorium) export ds-f4bc136f, 2026-09-03",NOT VERIFIED - dataset carries no phone or email; confirm on the official website before calling
King Industries Inc.,Construction,Chattanooga,TN,37421,3945 Cromwell Road,king-industries.com,https://www.linkedin.com/company/king-industries-inc-,51-200,10M-25M,2,Nationwide (USA) Industrial Design and Construction King Industries Inc. has established itself as a leading industrial mechanical design and construction company. Through our specialized divisions we provide comprehensive products and services that offer our customers a total package. We specialize,"Vibe Prospecting (Explorium) export ds-f4bc136f, 2026-09-03",NOT VERIFIED - dataset carries no phone or email; confirm on the official website before calling
Kitchens Of Chattanooga,Construction,Chattanooga,TN,37405,104 Tremont Street,kitchensofchattanooga.com,https://www.linkedin.com/company/kitchens-of-chattanooga,1-10,1M-5M,1,,"Vibe Prospecting (Explorium) export ds-f4bc136f, 2026-09-03",NOT VERIFIED - dataset carries no phone or email; confirm on the official website before calling
Kleen Team,Facilities Services,Chattanooga,TN,37419,641 Pan Gap Road,bronte-ltd.co.uk,https://www.linkedin.com/company/kleen-team,1-10,500K-1M,1,"Kleen Team is a facilities services company based out of 641 Pan Gap Rd, Chattanooga, Tennessee, United States.","Vibe Prospecting (Explorium) export ds-f4bc136f, 2026-09-03",NOT VERIFIED - dataset carries no phone or email; confirm on the official website before calling
Kleenco Construction Of TN,Construction,Chattanooga,TN,37406,1229 Latta Street,kleencoconstruction.com,https://www.linkedin.com/company/kleencoconstruction,11-50,10M-25M,2,Weve Been Paving the Way For More Than 18 Years. At Kleenco there are not problems but challenges and projects that give us the opportunity to create solutions for our customers. We are a solution provider; problem solvers. We have an obligation and commitment to our customers and our company to eff,"Vibe Prospecting (Explorium) export ds-f4bc136f, 2026-09-03",NOT VERIFIED - dataset carries no phone or email; confirm on the official website before calling
"KTM BUILDERS, LLC",Construction,Chattanooga,TN,37421,7625 Hamilton Parks Drive,ktmbuildersllc.com,https://www.linkedin.com/company/ktm-builders-llc,11-50,1M-5M,1,"Commercial General Contractor in Chattanooga, TN. Licensed in over 20 states. We build commercial, restaurant, hospitality, retail, office, grocery, and industrial.","Vibe Prospecting (Explorium) export ds-f4bc136f, 2026-09-03",NOT VERIFIED - dataset carries no phone or email; confirm on the official website before calling
Lane Steel Fabricators,Construction,Chattanooga,TN,37407,4311 7Th Avenue,lanesteelfab.us,https://www.linkedin.com/company/lane-steel-fabricators-llc,1-10,1M-5M,1,"Lane Steel Fabricators a brief history of the business. My grandfather started this business in 1969 in his back yard. In the beginning, he would work all day on fabricating, then do take offs and pricing at night. When he finally made some head way he was able to purchase the property located at 43","Vibe Prospecting (Explorium) export ds-f4bc136f, 2026-09-03",NOT VERIFIED - dataset carries no phone or email; confirm on the official website before calling
Larossa | House Flip Expert,Construction,Chattanooga,TN,37404,1214 Mccallie Avenue,larossaconstruction.com,https://www.linkedin.com/company/larossa,11-50,1M-5M,1,Home Flippers who focus on a PROFIT FIRST approach. Over a decade of experience and HUNDREDS of houses flipped for Sale or Rent.,"Vibe Prospecting (Explorium) export ds-f4bc136f, 2026-09-03",NOT VERIFIED - dataset carries no phone or email; confirm on the official website before calling
Lawn Pros of Chattanooga,Facilities Services,Chattanooga,TN,37406,2005 Stuart Street,lawnproschattanooga.com,https://www.linkedin.com/company/lawn-pros-of-chattanooga,11-50,1M-5M,1,Landscape Company located in Chattanooga TN. We specialize in landscape design and build.,"Vibe Prospecting (Explorium) export ds-f4bc136f, 2026-09-03",NOT VERIFIED - dataset carries no phone or email; confirm on the official website before calling
LegallyHighest® THC Seltzer,Wholesale Food And Beverage,Chattanooga,TN,37404,2310 Vance Avenue #102,legallyhighest.com,https://www.linkedin.com/company/legally-highest,1-10,1M-5M,1,"Legally Highest THC Seltzer is the first and fastest growing THC seltzer brand in New Jersey. Our mission is to provide high-quality, innovative THC-infused beverages to adults 21 and over. Our seltzer is made with all-natural ingredients and comes in a variety of refreshing flavors. We use a propri","Vibe Prospecting (Explorium) export ds-f4bc136f, 2026-09-03",NOT VERIFIED - dataset carries no phone or email; confirm on the official website before calling
Liberty Land Carriers,Truck Transportation,Chattanooga,TN,37421,2217 Polymer Drive,libertylandcarriers.com,https://www.linkedin.com/company/liberty-land-carriers,51-200,10M-25M,1,"Liberty Land Carriers offers a unique shipping experience with customer service second to none. We strive to be the most efficient, time-bound, consistent, and trust-worthy dry-van carrier from the southeast.","Vibe Prospecting (Explorium) export ds-f4bc136f, 2026-09-03",NOT VERIFIED - dataset carries no phone or email; confirm on the official website before calling
Living Stone Construction LLC,Construction,Chattanooga,TN,37404,1103 South Willow Street,livingstoneconstructionllc.com,https://www.linkedin.com/company/living-stone-construction-llc,1-10,1M-5M,1,,"Vibe Prospecting (Explorium) export ds-f4bc136f, 2026-09-03",NOT VERIFIED - dataset carries no phone or email; confirm on the official website before calling
Local Roofer LLC,Construction,Chattanooga,TN,37421,7022 Shallowford Road Suite 1 Unit 544,thelocalroofr.com,https://www.linkedin.com/company/local-roofer,11-50,1M-5M,1,"Local Roofer LLC has over 10-Years of experience in the trade; we do residential re-roofing, and have helped hundreds of homeowners with small roof repairs as well. At Local Roofer LLC our mission and goal has always been to build a long term relationship with our community in Chattanooga Tennessee.","Vibe Prospecting (Explorium) export ds-f4bc136f, 2026-09-03",NOT VERIFIED - dataset carries no phone or email; confirm on the official website before calling
Long Of Chattanooga Mercedes,Construction,Chattanooga,TN,37421,6039 International Drive,longofchatt.com,https://www.linkedin.com/company/long-of-chattanooga-mercedes,11-50,10M-25M,2,Buy a new or used car in the Chattanooga area near Dalton and Cleveland.,"Vibe Prospecting (Explorium) export ds-f4bc136f, 2026-09-03",NOT VERIFIED - dataset carries no phone or email; confirm on the official website before calling
"Lowder and Lowder Construction, Inc.",Construction,Chattanooga,TN,37343,2909 Hamill Road,lowderandlowderconstruction.com,https://www.linkedin.com/company/lowder-and-lowder-construction-inc,1-10,1M-5M,1,"For over 40 years, Tim and the team at Lowder & Lowder have been working hands-on with the Hixson and Chattanooga, TN, communities. Lowder and Lowder Construction is your one-stop construction company, whether it be for trenching, excavating, foundation repair, concrete, fire and water damage, kitch","Vibe Prospecting (Explorium) export ds-f4bc136f, 2026-09-03",NOT VERIFIED - dataset carries no phone or email; confirm on the official website before calling
Lync America,Freight And Package Transportation,Chattanooga,TN,37407,2517 8Th Avenue,lyncamerica.com,https://www.linkedin.com/company/lync-america,11-50,1M-5M,1,"Provides truckload, less-than-truckload, and specialized transportation services using its own assets or a network of local, regional, and national carriers.","Vibe Prospecting (Explorium) export ds-f4bc136f, 2026-09-03",NOT VERIFIED - dataset carries no phone or email; confirm on the official website before calling
Map Engineers,Construction,Chattanooga,TN,37421,7380 Applegate Lane,mapengineers.co.uk,https://www.linkedin.com/company/map-engineers,11-50,1M-5M,1,,"Vibe Prospecting (Explorium) export ds-f4bc136f, 2026-09-03",NOT VERIFIED - dataset carries no phone or email; confirm on the official website before calling
"Marion Environmental, Inc",Environmental Services,Chattanooga,TN,37405,115 Parmenas Lane,marionenvironmental.com,https://www.linkedin.com/company/marion-environmental-inc,51-200,25M-75M,9,"Marion is diversified and concentrates on regional business opportunities. Our areas of service include Phase I, II, IIIs, Emergency Response, industrial services, waste management, and hazardous and non-hazardous hauling.","Vibe Prospecting (Explorium) export ds-f4bc136f, 2026-09-03",NOT VERIFIED - dataset carries no phone or email; confirm on the official website before calling
"Marion Environmental, Inc.",Environmental Services,Chattanooga,TN,37405,115 Parmenas Lane,marionenv.com,https://www.linkedin.com/company/marion-environmental-inc-,51-200,25M-75M,6,"Marion Environmental Incorporated (MEI) offers contracting and consulting services to clients throughout the Southeastern United States. We are committed to providing high-quality, cost-effective solutions to environmental problem. MEI is at the forefront of environmental technology, developing inno","Vibe Prospecting (Explorium) export ds-f4bc136f, 2026-09-03",NOT VERIFIED - dataset carries no phone or email; confirm on the official website before calling
Maven Group LLC,Construction,Chattanooga,TN,37407,1302 East 36Th Street,hcmaven.com,https://www.linkedin.com/company/concerete-contractors-chattanooga,51-200,10M-25M,1,"Based in Chattanooga, Tennessee Maven Group LLC is a regional provider of earth supported concrete to the commercial and public construction market sectors. We have an aggregate of more than 3 decades of experience in commercial and public sector heavy civil, infrastructure, engineered walls, hardsc","Vibe Prospecting (Explorium) export ds-f4bc136f, 2026-09-03",NOT VERIFIED - dataset carries no phone or email; confirm on the official website before calling
Max Defense System,Facilities Services,Chattanooga,TN,37412,1504 Merrill Street,maxdefensesystem.com,https://www.linkedin.com/company/max-defense-system,51-200,10M-25M,1,"Our Max-Defense Antimicrobial Service is a very meticulous and thorough five step process: clean, kill, coat, test, and document. Its the most proactive and precautionary service we offer dealing with microbes.","Vibe Prospecting (Explorium) export ds-f4bc136f, 2026-09-03",NOT VERIFIED - dataset carries no phone or email; confirm on the official website before calling
Max Trans Logistics,Truck Transportation,Chattanooga,TN,37402,1301 Riverfront Parkway 119,maxtranslogistics.com,https://www.linkedin.com/company/max-trans-logistics,51-200,10M-25M,1,"The heart of Max Trans Logistics is the 40,000 partner carriers in our system. With core carriers MTL has the ability to offer the reliability of dedicated assets with the flexibility of a full-service 3PL. Whether you are looking for drop trailers with multiple loads per day from a warehouse locati","Vibe Prospecting (Explorium) export ds-f4bc136f, 2026-09-03",NOT VERIFIED - dataset carries no phone or email; confirm on the official website before calling
"MAYFIELD BROTHERS PEST CONTROL, INC.",Facilities Services,Chattanooga,TN,37422,,mayfieldbrotherspestcontrol.com,https://www.linkedin.com/company/mayfield-brothers-pest-control-inc.,1-10,500K-1M,1,,"Vibe Prospecting (Explorium) export ds-f4bc136f, 2026-09-03",NOT VERIFIED - dataset carries no phone or email; confirm on the official website before calling
"MC Builders, LLC",Construction,Chattanooga,TN,37421,2115 Chapman Road Suite 115,mc-buildersllc.com,https://www.linkedin.com/company/mc-builders-llc,11-50,1M-5M,1,"We are a General Contractor headquartered in Chattanooga, TN specializing in general construction, specialized construction projects, minor or major remodels, expansions, renovations, and ongoing facility maintenance services to small firms and Fortune 500 companies alike. Our team of skilled profes","Vibe Prospecting (Explorium) export ds-f4bc136f, 2026-09-03",NOT VERIFIED - dataset carries no phone or email; confirm on the official website before calling
Mccoy Homes,Construction,Chattanooga,TN,37421,112 Jordan Drive,mccoyhomesinc.com,https://www.linkedin.com/company/mccoy-homes,1-10,1M-5M,2,Our Chattanooga general contractors and Chattanooga custom home builders are experienced in all areas of home construction and home remodeling.,"Vibe Prospecting (Explorium) export ds-f4bc136f, 2026-09-03",NOT VERIFIED - dataset carries no phone or email; confirm on the official website before calling
"McCright & Associates, LLC",Facilities Services,Chattanooga,TN,37403,928 Mccallie Avenue,mccright.com,https://www.linkedin.com/company/mccright-&-associates,51-200,10M-25M,1,"McCright & Associates is the trusted partner of choice for public housing authorities who demand product and service excellence. After conducting over 1,500,000 inspections across the nation, McCright understands the unique needs of the public housing industry. Based in Chattanooga, Tennessee, McCri","Vibe Prospecting (Explorium) export ds-f4bc136f, 2026-09-03",NOT VERIFIED - dataset carries no phone or email; confirm on the official website before calling
MCKINNLEY EXCAVATING LLC,Construction,Chattanooga,TN,37408,411 West 21St Street,digchattanooga.com,https://www.linkedin.com/company/mckinnley-excavating-llc,11-50,1M-5M,1,Top Excavating company in the Chattanooga TN area.,"Vibe Prospecting (Explorium) export ds-f4bc136f, 2026-09-03",NOT VERIFIED - dataset carries no phone or email; confirm on the official website before calling
MCS Facility Services,Facilities Services,Chattanooga,TN,37402,,mcschatt.com,https://www.linkedin.com/company/mcs-facility-services,11-50,1M-5M,1,"MCS is a Leading provider of cleaning offices, cleaning retail stores, cleaning medical, industrial facilities & other commercial cleaning applications.","Vibe Prospecting (Explorium) export ds-f4bc136f, 2026-09-03",NOT VERIFIED - dataset carries no phone or email; confirm on the official website before calling
MEG Controls,Facilities Services,Chattanooga,TN,37408,949 Taft Avenue,megcontrols.com,https://www.linkedin.com/company/meg-controls,1-10,500K-1M,1,,"Vibe Prospecting (Explorium) export ds-f4bc136f, 2026-09-03",NOT VERIFIED - dataset carries no phone or email; confirm on the official website before calling
"MEI/AQUA TREAT, INC.",Environmental Services,Chattanooga,TN,37405,115 Parmenas Lane,aquatreat.net,https://www.linkedin.com/company/mei-aqua-treat-inc.,11-50,5M-10M,2,,"Vibe Prospecting (Explorium) export ds-f4bc136f, 2026-09-03",NOT VERIFIED - dataset carries no phone or email; confirm on the official website before calling
MERCURY CAB CO.,Truck Transportation,Chattanooga,TN,37406,901 Dodson Avenue,mercurycab.com,https://www.linkedin.com/company/mercury-cab-co.,11-50,1M-5M,1,,"Vibe Prospecting (Explorium) export ds-f4bc136f, 2026-09-03",NOT VERIFIED - dataset carries no phone or email; confirm on the official website before calling
Metal Makers Classes,Construction,Chattanooga,TN,37408,1009 Taft Avenue,metalmakersclasses.com,https://www.linkedin.com/company/metalmakersclasses,11-50,1M-5M,1,MetalMakers is a welding/fabrication school and maker space. No certifications or previous experience required!,"Vibe Prospecting (Explorium) export ds-f4bc136f, 2026-09-03",NOT VERIFIED - dataset carries no phone or email; confirm on the official website before calling
MID-SOUTH EQUIPMENT,Construction,Chattanooga,TN,37421,1609 Church Road,midsouthequipment.com,https://www.linkedin.com/company/mid-south-equipment,1-10,1M-5M,1,,"Vibe Prospecting (Explorium) export ds-f4bc136f, 2026-09-03",NOT VERIFIED - dataset carries no phone or email; confirm on the official website before calling
Midtown Lawn Care LLC,Landscaping Services,Chattanooga,TN,37411,4627 Shallowford Road,midtownlawns.com,https://www.linkedin.com/company/midtown-lawn-care-llc,1-10,500K-1M,1,"Midtown Lawn Care LLC is a company based out of Chattanooga, Tennessee","Vibe Prospecting (Explorium) export ds-f4bc136f, 2026-09-03",NOT VERIFIED - dataset carries no phone or email; confirm on the official website before calling
Mint Condition Chattanooga,Facilities Services,Chattanooga,TN,37421,5959 Shallowford Road Suite 2056,mintconditionclean.com,https://www.linkedin.com/company/mint-condition-chattanooga,51-200,10M-25M,1,"Mint Condition provides commercial cleaning and disinfecting services to offices, facilities, churches, banks, gyms and more. We provide COVID-19 Sanitization including high touch point and electrostatic disinfecting. We offer the highest standard of commercial cleaning available. Our cleaning techn","Vibe Prospecting (Explorium) export ds-f4bc136f, 2026-09-03",NOT VERIFIED - dataset carries no phone or email; confirm on the official website before calling
Miracle Method Surface Refinishing of Chattanooga,Facilities Services,Chattanooga,TN,37402,2600 East 30Th Avenue,miraclemethod.com,https://www.linkedin.com/company/miracle-method-surface-refinishing-of-chattanooga,1-10,500K-1M,1,,"Vibe Prospecting (Explorium) export ds-f4bc136f, 2026-09-03",NOT VERIFIED - dataset carries no phone or email; confirm on the official website before calling
"Mission Stone Tile- Chattanooga, TN",Wholesale Building Materials,Chattanooga,TN,37408,55 East Main Street,vksalonchatt.com,https://www.linkedin.com/company/mission-stone-tile--chattanooga-tn,1-10,1M-5M,1,,"Vibe Prospecting (Explorium) export ds-f4bc136f, 2026-09-03",NOT VERIFIED - dataset carries no phone or email; confirm on the official website before calling
Monolith Landscape Design,Landscaping Services,Chattanooga,TN,37415,1915 Dayton Boulevard,monolithlandscapedesign.com,https://www.linkedin.com/company/monolith-landscape-design,1-10,500K-1M,1,"Serving East Tennessee since 2016 Although youll find our crew performing regular maintenance services every week, what we do, and how we do it, goes far beyond pruning bushes, cutting grass, and spreading mulch. Monolith Landscape Design is the result of backgrounds not only in landscaping and hard","Vibe Prospecting (Explorium) export ds-f4bc136f, 2026-09-03",NOT VERIFIED - dataset carries no phone or email; confirm on the official website before calling
MORGAN CONSTRUCTION COMPANY,Construction,Chattanooga,TN,37405,690 Manufacturers Road,morganconstruction.com,https://www.linkedin.com/company/morgan-construction-company-inc.,11-50,10M-25M,2,"Morgan Construction Company, Inc. is a Chattanooga, TN based commercial general contractor with a 40-year track record of successful project execution across a broad spectrum of project types. Project sites range from $1M to $60M and include retail, multi-family, office, distribution, institutional,","Vibe Prospecting (Explorium) export ds-f4bc136f, 2026-09-03",NOT VERIFIED - dataset carries no phone or email; confirm on the official website before calling
"Mountain City Construction Company, LLC",Construction,Chattanooga,TN,37421,6148 Lee Highway Suite 100,mtncityconstruction.com,https://www.linkedin.com/company/mountain-city-construction-company-llc,1-10,1M-5M,1,"Mountain City Construction Company, LLC is a licensed and insured construction company. We specialize in custom home building as well as home renovations. With over 30 years experience in the Chattanooga residential construction arena, our expertise shows through our quality workmanship.","Vibe Prospecting (Explorium) export ds-f4bc136f, 2026-09-03",NOT VERIFIED - dataset carries no phone or email; confirm on the official website before calling
Mpl Construction Company,Construction,Chattanooga,TN,37421,115 Cedar Lane,mplconstruction.com,https://www.linkedin.com/company/mpl-construction-company,11-50,10M-25M,2,,"Vibe Prospecting (Explorium) export ds-f4bc136f, 2026-09-03",NOT VERIFIED - dataset carries no phone or email; confirm on the official website before calling
Mr. Handyman of Chattanooga,Construction,Chattanooga,TN,37421,5959 Shallowford Road Suite 219,mrhandyman.com,https://www.linkedin.com/company/mr-handyman-of-chattanooga,11-50,1M-5M,1,"Mr. Handyman, a Neighborly brand, is your one stop shop for a wide range of home and business maintenance and repair solutions. Mr. Handyman service technicians are highly skilled craftsmen, so you know they will get the job done right the first time.","Vibe Prospecting (Explorium) export ds-f4bc136f, 2026-09-03",NOT VERIFIED - dataset carries no phone or email; confirm on the official website before calling
"NABCO Electric Company, Inc.",Construction,Chattanooga,TN,37407,2800 2Nd Avenue,nabcoelectric.com,https://www.linkedin.com/company/nabco-electric-co,51-200,10M-25M,2,"Founded in 1962, NABCO Electric is a large scale electrical contracting company based in Chattanooga, TN. NABCO primarily serves industrial, commercial, institutional, power generation, healthcare, transportation and infrastructure customers located in the southeast United States and beyond.","Vibe Prospecting (Explorium) export ds-f4bc136f, 2026-09-03",NOT VERIFIED - dataset carries no phone or email; confirm on the official website before calling
"Naylor Engineering & Consulting, LLC",Facilities Services,Chattanooga,TN,37421,2288 Gunbarrel Road,naylor-ec.com,https://www.linkedin.com/company/naylor-engineering-consulting-llc,1-10,500K-1M,1,"Naylor Engineering & Consulting Specifying in Electrical System Studies, Arc Flash, and Electrical Safety Training.","Vibe Prospecting (Explorium) export ds-f4bc136f, 2026-09-03",NOT VERIFIED - dataset carries no phone or email; confirm on the official website before calling
"NEW BLUE CONSTRUCTION, INC.",Construction,Chattanooga,TN,37404,1600 East Main Street,newblueconstruction.com,https://www.linkedin.com/company/new-blue-construction-inc.,11-50,5M-10M,1,"Whether for home or business, full renovation or new construction, New Blue has built its reputation through dedicated craftsmanship to our projects and unwavering accountability to our clients. In partnership with some of our area's premier design professionals, we craft each client's vision one st","Vibe Prospecting (Explorium) export ds-f4bc136f, 2026-09-03",NOT VERIFIED - dataset carries no phone or email; confirm on the official website before calling
Nooga Lawns,Facilities Services,Chattanooga,TN,37416,5100B Highway 58,noogalawns.com,https://www.linkedin.com/company/nooga-lawns,11-50,1M-5M,1,"Coccinelle Magasin Pas Cher Soldes. Magasinez La Derniere Collection. Livraison Express + Retours Gratuits! Karl Lagerfeld Pas Cher, Furla Sacs Prix. Vanessa Bruno Paris En Ligne, Decouvrez La Derniere Collection.","Vibe Prospecting (Explorium) export ds-f4bc136f, 2026-09-03",NOT VERIFIED - dataset carries no phone or email; confirm on the official website before calling
Nooga Strong Construction,Construction,Chattanooga,TN,37411,3711 Provence Street,buildnoogastrong.com,https://www.linkedin.com/company/nooga-strong-construction,51-200,10M-25M,2,,"Vibe Prospecting (Explorium) export ds-f4bc136f, 2026-09-03",NOT VERIFIED - dataset carries no phone or email; confirm on the official website before calling
Nooga Turf,Construction,Chattanooga,TN,,,nexgenlawns.com,https://www.linkedin.com/company/nooga-turf,1-10,1M-5M,9,"Nooga Turf is a locally-owned installer and supplier of synthetic grass! We strive to create beautiful spaces that stand the wear and tear of daily life. By supplying and installing synthetic grass, Nooga Turf provides the homeowner with a sustainable lawn that is free of pesticides and is always gr","Vibe Prospecting (Explorium) export ds-f4bc136f, 2026-09-03",NOT VERIFIED - dataset carries no phone or email; confirm on the official website before calling
"Norris and Son, Inc.",Construction,Chattanooga,TN,,4015 Calhoun Avenue,norrisrefractory.com,https://www.linkedin.com/company/norris-and-son-inc-,51-200,10M-25M,1,"Refractory Contractor located in Chattanooga, TN servicing industrial clients throughout the United States. Established in 1946, extensive experience with refractory installations in pulp and paper, chemical, metals, cement, power generation.","Vibe Prospecting (Explorium) export ds-f4bc136f, 2026-09-03",NOT VERIFIED - dataset carries no phone or email; confirm on the official website before calling
NOW Freight,Truck Transportation,Chattanooga,TN,37408,1500 Chestnut Street Suite 106,nowfreight.us,https://www.linkedin.com/company/now-freight,11-50,1M-5M,1,"Insightful forecasting. Real time tracking. Technology driven results. WE SOLVE PROBLEMS. NOW Freight is a technology enabled, on-demand 3PL logistics provider that's rewriting the book on freight brokerage. Using proprietary technology and predictive algorithms powered by historical and current spo","Vibe Prospecting (Explorium) export ds-f4bc136f, 2026-09-03",NOT VERIFIED - dataset carries no phone or email; confirm on the official website before calling
Oasis Glass Tinting,Construction,Chattanooga,TN,37421,2114 Chapman Road,oasisglasstinting.com,https://www.linkedin.com/company/oasis-glass-tinting,11-50,1M-5M,1,"Here at Oasis, we believe in giving you a superior product in an honest up-front manner. We consider ourselves Chattanooga's only window tinting specialist.","Vibe Prospecting (Explorium) export ds-f4bc136f, 2026-09-03",NOT VERIFIED - dataset carries no phone or email; confirm on the official website before calling
Office Pride Commercial Cleaning of Chattanooga,Janitorial Services,Chattanooga,TN,37416,6130 Preservation Drive Suite B,officepride.com,https://www.linkedin.com/company/office-pride-commercial-cleaning-of-chattanooga,51-200,10M-25M,1,Office Pride delivers the highest level of commercial cleaning and janitorial services and total floor care to our customers. Our independently owned and operated Office Pride franchise offers flexible schedules with hours that will not interfere with daily business activities. Cleaners show up unif,"Vibe Prospecting (Explorium) export ds-f4bc136f, 2026-09-03",NOT VERIFIED - dataset carries no phone or email; confirm on the official website before calling
Olympus Cleaning,Facilities Services,Chattanooga,TN,37421,7200 Shallowford Road Number 106,olympuscleaning.com,https://www.linkedin.com/company/olympus-cleaning,1-10,500K-1M,1,,"Vibe Prospecting (Explorium) export ds-f4bc136f, 2026-09-03",NOT VERIFIED - dataset carries no phone or email; confirm on the official website before calling
"Osteen Construction, LLC",Construction,Chattanooga,TN,37409,4637 Guild Trail,osteenconstruction.com,https://www.linkedin.com/company/osteen-construction-llc,1-10,1M-5M,1,"A Certified Aging in Place Construction firm, were with you every step of the way to design a functional, beautiful space to suit you now and in the future, so you can enjoy living in your home for as long as possible. Weve worked in construction for over 25 years, specializing in historic areas and","Vibe Prospecting (Explorium) export ds-f4bc136f, 2026-09-03",NOT VERIFIED - dataset carries no phone or email; confirm on the official website before calling
Overlooked Materials,Environmental Services,Chattanooga,TN,37404,951 South Watkins Street,overlookedmaterials.com,https://www.linkedin.com/company/overlooked-materials,1-10,500K-1M,1,"The legacy glass recycling model for the Chattanooga area is broken: *Glass is not collected curbside in residential single stream bins, and with good reason. During transit and processing, glass is often crushed into small shards and gets embedded into other recyclable commodities like paper, plast","Vibe Prospecting (Explorium) export ds-f4bc136f, 2026-09-03",NOT VERIFIED - dataset carries no phone or email; confirm on the official website before calling
Oxy Green,Facilities Services,Chattanooga,TN,37421,2288 Gunbarrel Road,oxygreencarpetcleaningchattanooga.com,https://www.linkedin.com/company/oxy-green,11-50,1M-5M,1,"Owner/Operator Low moisture Carpet, Upholstery, Hardwood Floor and Boat Cleaning Company. We service the entire Chattanooga Metro area and surrounding areas.","Vibe Prospecting (Explorium) export ds-f4bc136f, 2026-09-03",NOT VERIFIED - dataset carries no phone or email; confirm on the official website before calling
"P&C Construction, INC.",Construction,Chattanooga,TN,37402,1037 West Main Street,pc-const.com,https://www.linkedin.com/company/p&c-construction-inc-,51-200,10M-25M,1,"P&C Construction is a nationally awarded construction services company based out of Chattanooga, TN. P&C provides exceptional construction, engineering, design, and building services to owners, developers, construction managers, engineers, and architects in a wide range of markets. P&C services incl","Vibe Prospecting (Explorium) export ds-f4bc136f, 2026-09-03",NOT VERIFIED - dataset carries no phone or email; confirm on the official website before calling
Papa Services,Facilities Services,Chattanooga,TN,37404,1311 Bennett Avenue,papaservices.com,https://www.linkedin.com/company/papa-services,11-50,1M-5M,1,"You Call, We Haul!","Vibe Prospecting (Explorium) export ds-f4bc136f, 2026-09-03",NOT VERIFIED - dataset carries no phone or email; confirm on the official website before calling
"Patriot Concrete, LLC",Construction,Chattanooga,TN,37421,3707 Ocoee Street Suite 109,patriotconcrete.co,https://www.linkedin.com/company/patriot-concrete-llc,11-50,1M-5M,1,"Patriot Concrete provides complete concrete contracting services for residential and commercial. We specialize in stamped concrete, driveways, patios, retaining walls and pool decks.","Vibe Prospecting (Explorium) export ds-f4bc136f, 2026-09-03",NOT VERIFIED - dataset carries no phone or email; confirm on the official website before calling
Paul Davis Restoration of Chattanooga,Construction,Chattanooga,TN,37421,1916 Circle Drive,pauldavis.com,https://www.linkedin.com/company/paul-davis-restoration-of-chattanooga,11-50,1M-5M,1,"If your property is damaged, Paul Davis is here to answer the call and provide immediate cleanup services. It doesnt matter if its fire, flood, mold or a storm, you can call Paul Davis Emergency Services at any time. When you get in touch with us, we try to answer your call within 30 minutes and get","Vibe Prospecting (Explorium) export ds-f4bc136f, 2026-09-03",NOT VERIFIED - dataset carries no phone or email; confirm on the official website before calling
PAVE/X Show,Construction,Chattanooga,TN,37402,1 Carter Plaza,pavexshow.com,https://www.linkedin.com/company/pave-x-show,51-200,10M-25M,1,"PAVE/X Pavement Experience brings contractors and vendors together through high quality curated education, live equipment demonstrations and networking opportunities that connect the right buyers and sellers, maximizing the entire experience of both attendees and event supporters.","Vibe Prospecting (Explorium) export ds-f4bc136f, 2026-09-03",NOT VERIFIED - dataset carries no phone or email; confirm on the official website before calling
PCR Tree Service,Facilities Services,Chattanooga,TN,37421,7610 East Brainerd Road,chattanoogatreeservice.com,https://www.linkedin.com/company/pcr-tree-service,11-50,1M-5M,3,"Roberts Tree Service specializes in complete tree service, including tree removal, tree pruning, tree trimming, stump removal and emergency storm damage.","Vibe Prospecting (Explorium) export ds-f4bc136f, 2026-09-03",NOT VERIFIED - dataset carries no phone or email; confirm on the official website before calling
Peppers Construction,Construction,Chattanooga,TN,37408,2106 Fort Street,benpeppers.com,https://www.linkedin.com/company/peppersconstruction,1-10,1M-5M,1,,"Vibe Prospecting (Explorium) export ds-f4bc136f, 2026-09-03",NOT VERIFIED - dataset carries no phone or email; confirm on the official website before calling
Perfection Floors,Construction,Chattanooga,TN,37412,433 Pine Bluff Drive,perfectionfloortile.com,https://www.linkedin.com/company/perfection-floors,1-10,1M-5M,1,"Perfection Floor Tile is the global leader in the design and manufacture of Polyvinyl floors. Flooring products include PVC, laminate, and vinyl. Floors are both available for residential and commercial applications.","Vibe Prospecting (Explorium) export ds-f4bc136f, 2026-09-03",NOT VERIFIED - dataset carries no phone or email; confirm on the official website before calling
PGC LLC,Construction,Chattanooga,TN,37421,1300 Premier Drive Suite 150,pointegc.com,https://www.linkedin.com/company/pointe-general-contractors-llc,11-50,1M-5M,1,Pointe General Contractors is a full service general contractor that constructs projects ranging from small interior office renovations to multi-million dollar developments. We approach each opportunity with the same attention to detail as if we were building the structure for ourselves. Pointe prov,"Vibe Prospecting (Explorium) export ds-f4bc136f, 2026-09-03",NOT VERIFIED - dataset carries no phone or email; confirm on the official website before calling
Phaltless Inc,Construction,Chattanooga,TN,37406,2611 Riverside Drive,phaltless.com,https://www.linkedin.com/company/phaltless-inc,11-50,10M-25M,3,"Phaltless Inc is a construction company based out of 2611 Riverside Dr, Chattanooga, TN, United States.","Vibe Prospecting (Explorium) export ds-f4bc136f, 2026-09-03",NOT VERIFIED - dataset carries no phone or email; confirm on the official website before calling
Pillar Construction,Construction,Chattanooga,TN,37409,3800 Street Elmo Avenue Suite 233,pillarco.com,https://www.linkedin.com/company/pillarconstruction,11-50,1M-5M,1,,"Vibe Prospecting (Explorium) export ds-f4bc136f, 2026-09-03",NOT VERIFIED - dataset carries no phone or email; confirm on the official website before calling
Piping Supply Company,Construction,Chattanooga,TN,37406,3008 North Hickory Street,pipingpvf.com,https://www.linkedin.com/company/piping-supply-company,1-10,1M-5M,3,"Piping Supply Company is a leading is a leading distributor of industrial pipe, valve, and fitting products located in Chattanooga Tennessee. We have been serving industrial, OEM, fabricator, and contractor accounts in the southeast since 1966.","Vibe Prospecting (Explorium) export ds-f4bc136f, 2026-09-03",NOT VERIFIED - dataset carries no phone or email; confirm on the official website before calling
Premium Lawncare & Landscaping,Facilities Services,Chattanooga,TN,37421,908 Graysville Road,premiumlandscaping.net,https://www.linkedin.com/company/premium-lawncare-&-landscaping,1-10,500K-1M,1,"Are you looking for landscape, lawn care & hardscape company you can trust? Call Premium Lawn & Landscaping today. Ask about weekly & biweekly maintenance!","Vibe Prospecting (Explorium) export ds-f4bc136f, 2026-09-03",NOT VERIFIED - dataset carries no phone or email; confirm on the official website before calling
Pro-Vision Construction Group,Construction,Chattanooga,TN,37408,2101 Chestnut Street,provisionchattanooga.com,https://www.linkedin.com/company/pro-vision-construction-group,11-50,1M-5M,1,,"Vibe Prospecting (Explorium) export ds-f4bc136f, 2026-09-03",NOT VERIFIED - dataset carries no phone or email; confirm on the official website before calling
Quality Fence Company,Construction,Chattanooga,TN,37421,6020 Pinehurst Avenue,fence.net,https://www.linkedin.com/company/quality-fence-company,11-50,10M-25M,2,Chattanoogas oldest fence company. Quality Fence Company takes great pride in creating beautiful residential fences and efficient commercial fences. We install gates and openers.,"Vibe Prospecting (Explorium) export ds-f4bc136f, 2026-09-03",NOT VERIFIED - dataset carries no phone or email; confirm on the official website before calling
Range Projects,Construction,Chattanooga,TN,37407,2801 Dodds Avenue,range-projects.com,https://www.linkedin.com/company/range-projects,11-50,1M-5M,1,"Since 2013, Range Projects has collaborated with nationally recognized architects and designers to serve clients in many industries. We outfit museums, restaurants and hotels, commercial offices, showrooms, community spaces and residences. Our services include design development, woodworking, metal ","Vibe Prospecting (Explorium) export ds-f4bc136f, 2026-09-03",NOT VERIFIED - dataset carries no phone or email; confirm on the official website before calling
Reese Plumbing Co,Construction,Chattanooga,TN,37415,704 Ashland Terrace,reeseplumbingco.com,https://www.linkedin.com/company/reese-plumbing-co,1-10,1M-5M,1,,"Vibe Prospecting (Explorium) export ds-f4bc136f, 2026-09-03",NOT VERIFIED - dataset carries no phone or email; confirm on the official website before calling
"RELIABLE BUILDING SOLUTIONS, INC.",Construction,Chattanooga,TN,37421,6232 Airpark Drive,rbsi-online.com,https://www.linkedin.com/company/reliable-building-solutions-inc.,11-50,5M-10M,1,"Reliable Building Solutions is a cleaning firm that specializes in disinfecting, washing, and janitorial services.","Vibe Prospecting (Explorium) export ds-f4bc136f, 2026-09-03",NOT VERIFIED - dataset carries no phone or email; confirm on the official website before calling
Reliable Heating & Air Conditioning,Environmental Services,Chattanooga,TN,37405,404 Spears Avenue,reliable-online.com,https://www.linkedin.com/company/reliable-heating-air-conditioning-co-inc,11-50,1M-5M,1,"Reliable Heating & Air Conditioning Co. Inc. was founded in June of 1971. From its original staff of three, Reliable has grown to become Chattanoogas largest Residential HVAC Company, a respected Commercial Service Provider and winner of the Small Business of the Year for the State of Tennessee. As ","Vibe Prospecting (Explorium) export ds-f4bc136f, 2026-09-03",NOT VERIFIED - dataset carries no phone or email; confirm on the official website before calling
REMI Home Elevators,Construction,Chattanooga,TN,37406,1709 North Orchard Knob Avenue,remihomeelevators.com,https://www.linkedin.com/company/remi-home-elevators,11-50,1M-5M,1,"REMI is the leading manufacturer of residential home elevators. With more than 40 years of combined home elevator experience in both the commercial and residential elevator industries, and a nationwide network of home elevator Certified Installation Companies (CIC), REMI home elevators makes install","Vibe Prospecting (Explorium) export ds-f4bc136f, 2026-09-03",NOT VERIFIED - dataset carries no phone or email; confirm on the official website before calling
Restore Roofing,Construction,Chattanooga,TN,37404,608 South Holtzclaw Avenue,restoreroofing.biz,https://www.linkedin.com/company/restore-roofing,11-50,1M-5M,1,"Getting quality roofing over your head as simply, painlessly, and efficiently as possible is our goal. Let us do the dirty work and keep it simple for you.","Vibe Prospecting (Explorium) export ds-f4bc136f, 2026-09-03",NOT VERIFIED - dataset carries no phone or email; confirm on the official website before calling
Revolution Wood Floors,Construction,Chattanooga,TN,37421,2288 Gunbarrel Road,revolutionwoodfloorsinfo.com,https://www.linkedin.com/company/revolution-wood-floors,11-50,1M-5M,1,,"Vibe Prospecting (Explorium) export ds-f4bc136f, 2026-09-03",NOT VERIFIED - dataset carries no phone or email; confirm on the official website before calling
"Rise Plumbing, Inc.",Construction,Chattanooga,TN,37421,East Brainerd Road,riseplumbinginc.net,https://www.linkedin.com/company/rise-plumbing-inc,1-10,1M-5M,1,"Trusted plumbing partner for residential builders and developers, providing peace of mind to their future homeowners with a dependable system for a clean water supply, safe wastewater removal, and contamination prevention; delivered through efficient slab, sewer, rough-in, and trim services marked b","Vibe Prospecting (Explorium) export ds-f4bc136f, 2026-09-03",NOT VERIFIED - dataset carries no phone or email; confirm on the official website before calling
River Stone Construction LLC,Construction,Chattanooga,TN,37416,6005 Century Oaks Drive Suite 500,riverstone-homes.com,https://www.linkedin.com/company/river-stone-construction-llc,11-50,10M-25M,2,"River Stone Construction is a Chattanooga-based home builder founded and led by local natives who are deeply rooted in the community. Focused on quality over volume, we design and build thoughtfully crafted homes that feel personalnot mass-produced. As we grow across Chattanooga and the surrounding ","Vibe Prospecting (Explorium) export ds-f4bc136f, 2026-09-03",NOT VERIFIED - dataset carries no phone or email; confirm on the official website before calling
RiverCity Sign & Crane Services Inc,Construction,Chattanooga,TN,37415,6040 Dayton Boulevard,rivercityneon.com,https://www.linkedin.com/company/rivercity-sign-&-crane-services-inc,11-50,1M-5M,1,,"Vibe Prospecting (Explorium) export ds-f4bc136f, 2026-09-03",NOT VERIFIED - dataset carries no phone or email; confirm on the official website before calling
Riverside Plumbing,Construction,Chattanooga,TN,37405,3873 Hixson Pike,riversideplumbingtn.com,https://www.linkedin.com/company/riversideplumbing,11-50,1M-5M,1,"At Riverside Plumbing, we strive to offer the best customer service and quality work in the industry. Combining technology, tested & proven methods, and a fresh new take on what should be expected from a plumbing service company. I pride myself on being honest, dependable, and professional. Our serv","Vibe Prospecting (Explorium) export ds-f4bc136f, 2026-09-03",NOT VERIFIED - dataset carries no phone or email; confirm on the official website before calling
Riverview Floor Design,Construction,Chattanooga,TN,37405,417 Frazier Avenue,riverviewfloordesign.com,https://www.linkedin.com/company/riverview-floor-design,11-50,1M-5M,1,"Welcome to Riverview Floor Design in Soddy Daisy, your hometown flooring store. 423-451-9955","Vibe Prospecting (Explorium) export ds-f4bc136f, 2026-09-03",NOT VERIFIED - dataset carries no phone or email; confirm on the official website before calling
Robert Roberts LLC,Building Construction,Chattanooga,TN,37407,2901 East 48Th Street,robertrobertsllc.com,https://www.linkedin.com/company/robert-roberts-llc,11-50,10M-25M,2,"Robert Roberts LLC Once Tried, Always Preferred Welcome to Robert Roberts General Contractor, your trusted partner for all commercial construction and renovation needs. Based in Chattanooga, we pride ourselves on our extensive resources and expertise, enabling us to tackle projects of any size and c","Vibe Prospecting (Explorium) export ds-f4bc136f, 2026-09-03",NOT VERIFIED - dataset carries no phone or email; confirm on the official website before calling
ROBERT SMITH INC,Construction,Chattanooga,TN,37422,,robertsmithinc.com,https://www.linkedin.com/company/robert-smith-inc,1-10,1M-5M,1,,"Vibe Prospecting (Explorium) export ds-f4bc136f, 2026-09-03",NOT VERIFIED - dataset carries no phone or email; confirm on the official website before calling
Rocky Top Construction,Wholesale Building Materials,Chattanooga,TN,37415,739 Ashland Terrace,webs.com,https://www.linkedin.com/company/rocky-top-construction,1-10,1M-5M,1,,"Vibe Prospecting (Explorium) export ds-f4bc136f, 2026-09-03",NOT VERIFIED - dataset carries no phone or email; confirm on the official website before calling
Roof Curb Systems,Wholesale Building Materials,Chattanooga,TN,37405,100 Cherokee Boulevard Number 213,roofcurb.com,https://www.linkedin.com/company/roof-curb-systems,1-10,1M-5M,1,,"Vibe Prospecting (Explorium) export ds-f4bc136f, 2026-09-03",NOT VERIFIED - dataset carries no phone or email; confirm on the official website before calling
"ROOF PRODUCTS, INC.",Wholesale Building Materials,Chattanooga,TN,37421,7616 Lee Highway,rpicurbs.com,https://www.linkedin.com/company/roof-products-inc.,1-10,1M-5M,3,"Roof Products is a prefabricated roof curb and other roof accessory manufacturer. They offered numerous solutions for prefabricated roof curbs in the industry. They produce a complete spectrum of roof curbs, expansion joints, equipment supports, adapters, and any type of penetration for new or retro","Vibe Prospecting (Explorium) export ds-f4bc136f, 2026-09-03",NOT VERIFIED - dataset carries no phone or email; confirm on the official website before calling
ROOFING & SUPPLY COMPANY,Wholesale Building Materials,Chattanooga,TN,37402,1409 Fort Street,theroofingandsupplycotn.com,https://www.linkedin.com/company/roofing-&-supply-company,11-50,5M-10M,1,"The Roofing & Supply Co, serving Chattanooga and the Tri-State Area, offers roofing supplies including shingles, metal roofing, rubber roofing, gutters, and sealants/coatings. With over 90 years of experience, they provide special ordering options and local delivery within 2 days. The company focuse","Vibe Prospecting (Explorium) export ds-f4bc136f, 2026-09-03",NOT VERIFIED - dataset carries no phone or email; confirm on the official website before calling
RoofingCo.com,Construction,Chattanooga,TN,,Ringgold Road,roofingco.com,https://www.linkedin.com/company/roofingco,11-50,1M-5M,1,Chattanooga's Premier Roofing Contractor,"Vibe Prospecting (Explorium) export ds-f4bc136f, 2026-09-03",NOT VERIFIED - dataset carries no phone or email; confirm on the official website before calling
"ROSS GLASS AND ALUMINUM, LLC",Construction,Chattanooga,TN,37402,428 Mccallie Avenue,rossglass.com,https://www.linkedin.com/company/ross-glass-and-aluminum-llc,11-50,1M-5M,1,,"Vibe Prospecting (Explorium) export ds-f4bc136f, 2026-09-03",NOT VERIFIED - dataset carries no phone or email; confirm on the official website before calling
"ROWLAND DEVELOPMENT GROUP, LLC",Construction,Chattanooga,TN,37419,422 Magnolia Vale Drive,rdgtn.com,https://www.linkedin.com/company/rowland-development-group-llc,11-50,5M-10M,1,"Rowland Development Group is Chattanooga, Tennessee's premier commercial builder and residential builder. Call us today to look at floor plans and get a quote!","Vibe Prospecting (Explorium) export ds-f4bc136f, 2026-09-03",NOT VERIFIED - dataset carries no phone or email; confirm on the official website before calling
"RPM & Associates, Inc.",Construction,Chattanooga,TN,37405,1200 Mountain Creek Road Suite 470,rpmassociatesinc.net,https://www.linkedin.com/company/rpm-associates-inc,11-50,1M-5M,1,"RPM & Associates, Inc. is a licensed general contractor in Tennessee, Alabama, Georgia, Florida, Louisiana, Kentucky, South Carolina, North Carolina, Virginia, West Virginia, Maryland, Pennsylvania, and Delaware. RPM & Associates, Inc. has been in business since June 1978. As a General Contractor in","Vibe Prospecting (Explorium) export ds-f4bc136f, 2026-09-03",NOT VERIFIED - dataset carries no phone or email; confirm on the official website before calling
"RS Digital & Laser, LLC",Wholesale Machinery,Chattanooga,TN,37415,6032 Dayton Boulevard,rsdlaser.com,https://www.linkedin.com/company/rs-digital-&-laser-llc,1-10,1M-5M,1,"RS Digital & Laser LLC, is your Wholesale Distributor for Epilog Laser Corp. We cover the states of Tennessee, Kentucky, Alabama and Mississippi for all machine sales and service. We have worked hand in hand with Epilog Laser for over 24yrs. Give us a call and let us inform you of how a Epilog Laser","Vibe Prospecting (Explorium) export ds-f4bc136f, 2026-09-03",NOT VERIFIED - dataset carries no phone or email; confirm on the official website before calling
Rutherford Floor Installation,Construction,Chattanooga,TN,37411,5708 Uptain Road,rutherfordfloorinstallation.net,https://www.linkedin.com/company/rutherford-floor-installation,11-50,1M-5M,1,,"Vibe Prospecting (Explorium) export ds-f4bc136f, 2026-09-03",NOT VERIFIED - dataset carries no phone or email; confirm on the official website before calling
"S & H Trucking, Inc.",Truck Transportation,Chattanooga,TN,37410,3500 Alton Parks Boulevard,sandh-trucking.com,https://www.linkedin.com/company/s-h-trucking-inc,51-200,10M-25M,2,"S & H Trucking, Inc., is a freight carrier based in Chattanooga Tennessee. We take pride in being able to provide a broad range of freight carrier services to our customers, while still being small enough to react quickly and with maximum flexibly to meet our customers' needs. We realize that each c","Vibe Prospecting (Explorium) export ds-f4bc136f, 2026-09-03",NOT VERIFIED - dataset carries no phone or email; confirm on the official website before calling
"S & M SUPPLY COMPANY, INC.",Wholesale Building Materials,Chattanooga,TN,37406,2140 Amnicola Highway,sandmsupply.com,https://www.linkedin.com/company/s-&-m-supply-company-inc.,11-50,5M-10M,1,,"Vibe Prospecting (Explorium) export ds-f4bc136f, 2026-09-03",NOT VERIFIED - dataset carries no phone or email; confirm on the official website before calling
"Sam's Watch Repair, LLC",Repair And Maintenance,Chattanooga,TN,37409,3908 Tennessee Avenue,samswatchrepair.com,https://www.linkedin.com/company/sam's-watch-repair-llc,11-50,5M-10M,1,,"Vibe Prospecting (Explorium) export ds-f4bc136f, 2026-09-03",NOT VERIFIED - dataset carries no phone or email; confirm on the official website before calling
Scenic City Arborists,Environmental Services,Chattanooga,TN,37405,,sceniccityarborists.com,https://www.linkedin.com/company/scenic-city-arborists,1-10,500K-1M,1,"We are proud to provide exceptional care for you and your trees through our services. With an ISA Certified Arborist, we are knowledgeable about the needs of trees and trained to provide proper care for trees.","Vibe Prospecting (Explorium) export ds-f4bc136f, 2026-09-03",NOT VERIFIED - dataset carries no phone or email; confirm on the official website before calling
Scenic City Homes,Construction,Chattanooga,TN,37416,6731 Glover Road,scenic-city-homes.com,https://www.linkedin.com/company/scenic-city-homes,11-50,1M-5M,1,,"Vibe Prospecting (Explorium) export ds-f4bc136f, 2026-09-03",NOT VERIFIED - dataset carries no phone or email; confirm on the official website before calling
Scenic City Recycling,Environmental Services,Chattanooga,TN,37405,504 West Manning Street 104,sceniccityrecycling.com,https://www.linkedin.com/company/scenic-city-recycling-llc,1-10,500K-1M,1,"Scenic City Recycling has been keeping Chattanooga green since 2007! SCR is the preeminent curbside recycling service in the greater Chattanooga area servicing commercial and residential clients in Red Bank, Signal Mountain and downtown Chattanooga.","Vibe Prospecting (Explorium) export ds-f4bc136f, 2026-09-03",NOT VERIFIED - dataset carries no phone or email; confirm on the official website before calling
Scenic City Tile & Granite,Wholesale Building Materials,Chattanooga,TN,37404,2718 Rossville Boulevard,chattanoogatileandgranite.com,https://www.linkedin.com/company/scenic-city-tile-&-granite,1-10,1M-5M,1,"Visit Scenic City Tile & Granite in Chattanooga for installation of commerical and residential tile flooring including ceramic, porcelain, and natural stone tiles. We also supply natural stone countertops.","Vibe Prospecting (Explorium) export ds-f4bc136f, 2026-09-03",NOT VERIFIED - dataset carries no phone or email; confirm on the official website before calling
"Schaerer Contracting Co., Inc.",Construction,Chattanooga,TN,37406,1720 Sholar Avenue,schaererco.com,https://www.linkedin.com/company/schaererco,11-50,1M-5M,1,"Schaerer Contracting is the result of Successful projects and long lasting relationships beginning with Warner Pap Schaerer in 1927. Warner Schaerer was the first generation contractor of that era working in Plastering. Emil Tucker Schaerer I joined the company in 1935, at 21 years of age, and conti","Vibe Prospecting (Explorium) export ds-f4bc136f, 2026-09-03",NOT VERIFIED - dataset carries no phone or email; confirm on the official website before calling
SDP Corp - SDP-Consultant Corp.,Construction,Chattanooga,TN,37402,714 Cherry Street Suite A-200,sdp-consultants.com,https://www.linkedin.com/company/sdp-consultants,11-50,10M-25M,4,,"Vibe Prospecting (Explorium) export ds-f4bc136f, 2026-09-03",NOT VERIFIED - dataset carries no phone or email; confirm on the official website before calling
SELCAT,Construction,Chattanooga,TN,,,selcat.com,https://www.linkedin.com/company/selcat,51-200,10M-25M,2,Education and training of Outside Electrical Apprentices.,"Vibe Prospecting (Explorium) export ds-f4bc136f, 2026-09-03",NOT VERIFIED - dataset carries no phone or email; confirm on the official website before calling
Sentri Roofing,Construction,Chattanooga,TN,37410,3010 Williams Street,sentriroofing.com,https://www.linkedin.com/company/sentri-roofing,1-10,1M-5M,2,You Deserve the Best Roof on the Block!,"Vibe Prospecting (Explorium) export ds-f4bc136f, 2026-09-03",NOT VERIFIED - dataset carries no phone or email; confirm on the official website before calling
"SEQUOYAH LAWN EQUIPMENT COMPANY, LLC",Facilities Services,Chattanooga,TN,37416,3925 Volunteer Drive,sequoyahlawn.com,https://www.linkedin.com/company/sequoyah-lawn-equipment-company-llc,11-50,1M-5M,1,Sales and Service,"Vibe Prospecting (Explorium) export ds-f4bc136f, 2026-09-03",NOT VERIFIED - dataset carries no phone or email; confirm on the official website before calling
Servicemaster Clean Chattanooga,Janitorial Services,Chattanooga,TN,37404,2121 Mccallie Avenue,servicemasterclean.com,https://www.linkedin.com/company/servicemaster-clean-chattanooga,11-50,500K-1M,1,"We are a family owned buisness that started in 1963. We provide commercial cleaning in the Chattanooga TN area. We specialize in janitorial, healthcare, and industrial services.","Vibe Prospecting (Explorium) export ds-f4bc136f, 2026-09-03",NOT VERIFIED - dataset carries no phone or email; confirm on the official website before calling
Set In Stone Concrete LLC,Construction,Chattanooga,TN,37408,1222 East Main Street,concretecaster.com,https://www.linkedin.com/company/set-in-stone-concrete-llc,1-10,1M-5M,2,"Set In Stone Concrete LLC is a construction company based out of 1222 E Main St, Chattanooga, TN, United States.","Vibe Prospecting (Explorium) export ds-f4bc136f, 2026-09-03",NOT VERIFIED - dataset carries no phone or email; confirm on the official website before calling
Shah Trucking LLC,Truck Transportation,Chattanooga,TN,,,shahtrucking.com,https://www.linkedin.com/company/shah-trucking-llc,1-10,500K-1M,3,"We realize that the fate of the transportation industry depends on drivers. Our drivers are valued members of our family and their experience, drive, and professionalism are the foundation of our industry leading customer service. When we are hired to transport products, we follow through on what we","Vibe Prospecting (Explorium) export ds-f4bc136f, 2026-09-03",NOT VERIFIED - dataset carries no phone or email; confirm on the official website before calling
Shepherd Project Services,Construction,Chattanooga,TN,37402,200 West Mlk Boulevard Suite 1000,shepherdprojectservices.com,https://www.linkedin.com/company/shepherd-project-services,11-50,1M-5M,1,"Shepherd Project Services is a Minority and Veteran owned company that aspires to deliver innovative Construction Management, Engineering, Project Control and Contracting services for our clients.","Vibe Prospecting (Explorium) export ds-f4bc136f, 2026-09-03",NOT VERIFIED - dataset carries no phone or email; confirm on the official website before calling
Signal Power,Construction,Chattanooga,TN,37406,3500 North Hawthorne Street Suite 148,hybridledlighttower.com,https://www.linkedin.com/company/signal-power,11-50,1M-5M,1,"Signal Power, based in Chattanooga, Tennessee, manufactures the HYBRIDTOWER and SOLARTOWER light towers, trailer units, specialty LED lighting, generators, and portable diesel drive pumps for construction, industrial, and military/governmental markets. They also design and produce specialty and cust","Vibe Prospecting (Explorium) export ds-f4bc136f, 2026-09-03",NOT VERIFIED - dataset carries no phone or email; confirm on the official website before calling
SimplyOutdoorKitchens.com,Landscaping Services,Chattanooga,TN,37402,,simplyoutdoorkitchens.com,https://www.linkedin.com/company/simplyoutdoorkitchens,1-10,0-500K,2,"We build your custom outdoor kitchens in our factory and install in a single day. Dont be limited by designs or materials. Easy Outdoor Kitchen has a national network of suppliers and manufacturers to design, build and install your perfect outdoor kitchen. We offer granite and travertine countertops","Vibe Prospecting (Explorium) export ds-f4bc136f, 2026-09-03",NOT VERIFIED - dataset carries no phone or email; confirm on the official website before calling
Smith Logistics,Truck Transportation,Chattanooga,TN,37421,4295 Cromwell Road,smithlogistics.net,https://www.linkedin.com/company/smith-logistics,11-50,5M-10M,2,"Smith Logistics provides ocean freight, air freight, customs brokerage, freight forwarding, interstate trucking, and warehousing services.","Vibe Prospecting (Explorium) export ds-f4bc136f, 2026-09-03",NOT VERIFIED - dataset carries no phone or email; confirm on the official website before calling
Southeast Conservation Corps,Environmental Services,Chattanooga,TN,37406,2001 North Chamberlain Avenue Suite 400,linktr.ee,https://www.linkedin.com/company/southeastconservationcorps,51-200,10M-25M,1,"Southeast Conservation Corps (SECC), operates conservation service programs throughout the Southeast that focus on meeting the needs of the natural landscapes while empowering people to cultivate compassion, responsibility, and grit through community service, hard work, and environmental stewardship","Vibe Prospecting (Explorium) export ds-f4bc136f, 2026-09-03",NOT VERIFIED - dataset carries no phone or email; confirm on the official website before calling
"Southeast Painters, Inc.",Construction,Chattanooga,TN,37409,3535 B Saint Elmo Avenue,southeastpainters.com,https://www.linkedin.com/company/southeast-painters-inc-,11-50,1M-5M,1,"Southeast Painters, Inc. is a Chattanooga, Tennessee-based commercial/industrial paint contractor established in 1990. Today we offer commercial painting & wall covering, industrial painting along with specialized floor & roof coatings throughout the south. We continue to grow by offering the latest","Vibe Prospecting (Explorium) export ds-f4bc136f, 2026-09-03",NOT VERIFIED - dataset carries no phone or email; confirm on the official website before calling
Southern Air Freight Inc,Freight And Package Transportation,Chattanooga,TN,37421,5904 Pinehurst Avenue,fedex.com,https://www.linkedin.com/company/southern-air-freight-inc,1-10,500K-1M,1,,"Vibe Prospecting (Explorium) export ds-f4bc136f, 2026-09-03",NOT VERIFIED - dataset carries no phone or email; confirm on the official website before calling
"Southern Energy Water & Air, LLC",Construction,Chattanooga,TN,37408,949 Taft Avenue,southernewa.com,https://www.linkedin.com/company/southern-energy-water-air-llc,11-50,10M-25M,2,"Getting a job done right, on time, and on budget is something to feel really good about. From our headquarters in Chattanooga, TN, we take pride in providing expert guidance and revolutionary products needed to transform any space into an efficient, healthy, sustainable environment. Our team of qual","Vibe Prospecting (Explorium) export ds-f4bc136f, 2026-09-03",NOT VERIFIED - dataset carries no phone or email; confirm on the official website before calling
"Southern Guardian, LLC",Construction,Chattanooga,TN,37421,2600 Reid Drive,southernguardianllc.com,https://www.linkedin.com/company/southern-guardian-llc,11-50,1M-5M,1,"Get 3 Bids, Just Make Sure One is From Southern Guardian Roofing! Best Chattanooga Roofing Contractor.","Vibe Prospecting (Explorium) export ds-f4bc136f, 2026-09-03",NOT VERIFIED - dataset carries no phone or email; confirm on the official website before calling
Southern Spear Ironworks LLC,Construction,Chattanooga,TN,,55 Workman Road,thesouthernspear.com,https://www.linkedin.com/company/southern-spear-ironworks-llc,51-200,10M-25M,2,"We are a full-service construction firm with steel fabricating capabilities and a combined 50 years of experience in the business. Our staff members are highly skilled, licensed, bonded and insured with all needed certifications. Their dedication to making sure your needs are met comes from their pa","Vibe Prospecting (Explorium) export ds-f4bc136f, 2026-09-03",NOT VERIFIED - dataset carries no phone or email; confirm on the official website before calling
Southern Valley Landscaping,Facilities Services,Chattanooga,TN,37409,1101 West 40Th Street,southernvalleylandscaping.com,https://www.linkedin.com/company/southern-valley-landscaping,11-50,1M-5M,1,,"Vibe Prospecting (Explorium) export ds-f4bc136f, 2026-09-03",NOT VERIFIED - dataset carries no phone or email; confirm on the official website before calling
Spears Hopkins Paving Co,Construction,Chattanooga,TN,37421,5730 Fisk Avenue,spearshopkins.com,https://www.linkedin.com/company/spears-hopkins-paving-co,11-50,10M-25M,2,"Spears Hopkins Paving Co is a construction company based out of 5730 Fisk Ave, Chattanooga, TN, United States.","Vibe Prospecting (Explorium) export ds-f4bc136f, 2026-09-03",NOT VERIFIED - dataset carries no phone or email; confirm on the official website before calling
Special Touch Painting,Construction,Chattanooga,TN,37421,7628 Standifer Gap Road,specialtouchpainting.com,https://www.linkedin.com/company/special-touch-painting,11-50,1M-5M,1,,"Vibe Prospecting (Explorium) export ds-f4bc136f, 2026-09-03",NOT VERIFIED - dataset carries no phone or email; confirm on the official website before calling
Spirit Express LLC,Truck Transportation,Chattanooga,TN,37421,2024 East Polymer Drive,spiritexpressllc.com,https://www.linkedin.com/company/spirit-express-llc,11-50,5M-10M,2,"Spirit Express LLC is a trucking company dedicated to the safe transportation of liquid petroleum products in tanker trailers throughout the Southeastern United States. Spirit Express is committed to excellence. Our mission is to deliver our customers' products safely, accurately, and on time. We st","Vibe Prospecting (Explorium) export ds-f4bc136f, 2026-09-03",NOT VERIFIED - dataset carries no phone or email; confirm on the official website before calling
Splish Splash Pool Service,Construction,Chattanooga,TN,37412,3706 Mary Anna Drive,webstarts.com,https://www.linkedin.com/company/splish-splash-pool-service,11-50,1M-5M,1,,"Vibe Prospecting (Explorium) export ds-f4bc136f, 2026-09-03",NOT VERIFIED - dataset carries no phone or email; confirm on the official website before calling
Sport Surface Specialties,Construction,Chattanooga,TN,37402,544 Chestnut Street,sportsurface.net,https://www.linkedin.com/company/sport-surface-specialties,1-10,1M-5M,2,,"Vibe Prospecting (Explorium) export ds-f4bc136f, 2026-09-03",NOT VERIFIED - dataset carries no phone or email; confirm on the official website before calling
Spray-Lock Concrete Protection (SCP),Construction,Chattanooga,TN,37421,5959 Shallowford Road 405,concreteprotection.com,https://www.linkedin.com/company/concreteprotection,51-200,10M-25M,1,"Spray-Lock Concrete Protection (SCP) specializes in manufacturing colloidal silica products that enhance and improve concrete performance by reducing moisture movement through the concrete matrix. Their proprietary technology fills capillaries and channels with Calcium Silicate Hydrate (C-S-H), incr","Vibe Prospecting (Explorium) export ds-f4bc136f, 2026-09-03",NOT VERIFIED - dataset carries no phone or email; confirm on the official website before calling
"Spray-Lock, Inc.",Construction,Chattanooga,TN,37421,5959 Shallowford Road,spraylock.com,https://www.linkedin.com/company/interlock-industries-inc,11-50,1M-5M,1,"Spray-Lock Technology offers the fastest and most cost efficient flooring adhesives that meets the demands of today's fast-track building process. Spray-Lock, Inc. was founded in 1998 by two expert aerosol engineers. The company is headquartered in Chattanooga, Tennessee with US production facilitie","Vibe Prospecting (Explorium) export ds-f4bc136f, 2026-09-03",NOT VERIFIED - dataset carries no phone or email; confirm on the official website before calling
Stanley Excavation And Grading,Construction,Chattanooga,TN,37403,1004 East 10Th Street,stanleyexcavationgrading.com,https://www.linkedin.com/company/stanley-excavation-grading,11-50,1M-5M,1,,"Vibe Prospecting (Explorium) export ds-f4bc136f, 2026-09-03",NOT VERIFIED - dataset carries no phone or email; confirm on the official website before calling
"STATEWIDE SIDING SUPPLY, INC.",Construction,Chattanooga,TN,37421,9420 Shadow Point Circle,residewithstatewide.com,https://www.linkedin.com/company/statewide-siding-supply-inc.,11-50,1M-5M,1,,"Vibe Prospecting (Explorium) export ds-f4bc136f, 2026-09-03",NOT VERIFIED - dataset carries no phone or email; confirm on the official website before calling
Sterchi Construction,Construction,Chattanooga,TN,37408,26 West 20Th Street,sterchiconstruction.com,https://www.linkedin.com/company/sterchiconstruction,11-50,1M-5M,1,"Founded in 1976, Sterchi Construction is a licensed General Contractor headquartered in Chattanooga, TN that provides custom homebuilding, renovation, historic restoration, and commercial construction services. Sterchi Construction is licensed in Tennessee, Georgia, and North Carolina and is LEED an","Vibe Prospecting (Explorium) export ds-f4bc136f, 2026-09-03",NOT VERIFIED - dataset carries no phone or email; confirm on the official website before calling
Streamline Xpress LLC,Freight And Package Transportation,Chattanooga,TN,37412,1509 East Ridge Avenue,streamlinexpress.com,https://www.linkedin.com/company/streamline-xpress-llc,11-50,1M-5M,1,Courier & Delivery Service,"Vibe Prospecting (Explorium) export ds-f4bc136f, 2026-09-03",NOT VERIFIED - dataset carries no phone or email; confirm on the official website before calling
Strickland Lawn,Environmental Services,Chattanooga,TN,37407,5004 14Th Avenue,stricklandlandscape.com,https://www.linkedin.com/company/strickland-lawn,1-10,500K-1M,1,,"Vibe Prospecting (Explorium) export ds-f4bc136f, 2026-09-03",NOT VERIFIED - dataset carries no phone or email; confirm on the official website before calling
Superior Fence & Rail of Chattanooga,Construction,Chattanooga,TN,37406,900 Creekside Road,superiorfenceandrail.com,https://www.linkedin.com/company/superior-fence-rail-of-chattanooga,1-10,1M-5M,1,"Locally-owned Chattanooga fence company, leading the fence industry with first-class service and quality products.","Vibe Prospecting (Explorium) export ds-f4bc136f, 2026-09-03",NOT VERIFIED - dataset carries no phone or email; confirm on the official website before calling
SupplyHog.com,Wholesale Building Materials,Chattanooga,TN,37407,2515 East 43Rd Street Suite B,supplyhog.com,https://www.linkedin.com/company/supplyhog-inc-,1-10,1M-5M,1,"SupplyHog, a construction based ecommerce company based in Chattanooga, TN, offers local and nationwide hardware and building supplies partnering with local hardware stores to deliver exceptional online service.","Vibe Prospecting (Explorium) export ds-f4bc136f, 2026-09-03",NOT VERIFIED - dataset carries no phone or email; confirm on the official website before calling
"SWOPE EQUIPMENT & SUPPLY COMPANY, INC.",Wholesale Machinery,Chattanooga,TN,37410,3000 Alton Parks Boulevard,swopeequipment.com,https://www.linkedin.com/company/swope-equipment-&-supply-company-inc.,11-50,5M-10M,1,"SWOPE EQUIPMENT & SUPPLY COMPANY, INC. is a company based out of 3000 ALTON PARK BLVD, Chattanooga, Tennessee, United States.","Vibe Prospecting (Explorium) export ds-f4bc136f, 2026-09-03",NOT VERIFIED - dataset carries no phone or email; confirm on the official website before calling
"T Gene Edwards, Inc.",Construction,Chattanooga,TN,37406,1309 Appling Street,tgeneedwards.com,https://www.linkedin.com/company/t-gene-edwards-inc,1-10,1M-5M,1,"General Contracting Company based out of Chattanooga, TN and specializing in Commercial Construction and Manufacturing & Industrial Buildings.","Vibe Prospecting (Explorium) export ds-f4bc136f, 2026-09-03",NOT VERIFIED - dataset carries no phone or email; confirm on the official website before calling
T.S. Raulston,Construction,Chattanooga,TN,37404,2000 South Holtzclaw Avenue,tsraulston.com,https://www.linkedin.com/company/t-s-raulston,11-50,1M-5M,1,"T.S. Raulston, Inc. Mechanical Contractors was founded and incorporated in 1947 by T.S. Raulston, Sr. as Raulston Plumbing Company. Since 1947, the company has grown to be a full service mechanical contractor specializing in Plumbing, HVAC, Mechanical Piping, Process Piping, Medical Gas, Sheet Metal","Vibe Prospecting (Explorium) export ds-f4bc136f, 2026-09-03",NOT VERIFIED - dataset carries no phone or email; confirm on the official website before calling
T.U. Parks Construction Company,Construction,Chattanooga,TN,37408,711 East Main Street,tuparks.com,https://www.linkedin.com/company/tu-parks-construction-company,11-50,10M-25M,2,"Parks Construction Co. has grown from a one man operation to a corporation known throughout the south for their diverse construction experience. This experience enables Parks Construction Co. to complete any building project from remodeling and additions to multi-million dollar tasks, in budget and ","Vibe Prospecting (Explorium) export ds-f4bc136f, 2026-09-03",NOT VERIFIED - dataset carries no phone or email; confirm on the official website before calling
Taimen Transport,Truck Transportation,Chattanooga,TN,37421,1209 Pointe Centre Drive Suite 205,taimentransport.com,https://www.linkedin.com/company/taimen-transport-llc,11-50,1M-5M,1,"Taimen Transport LLC is a 3rd Party Logistics company headquartered in Chattanooga, TN specializing in Global Logistics services. We have extensive experience working in conjunction with a variety of industries utilizing our thoroughly vetted Global Carrier network. We are privileged to have success","Vibe Prospecting (Explorium) export ds-f4bc136f, 2026-09-03",NOT VERIFIED - dataset carries no phone or email; confirm on the official website before calling
"TECHNICAL MAINTENANCE & ELECTRONICS, INC.",Repair And Maintenance,Chattanooga,TN,37404,1901 Dodds Avenue,tmandeinc.com,https://www.linkedin.com/company/technical-maintenance-&-electronics-inc.,11-50,5M-10M,1,,"Vibe Prospecting (Explorium) export ds-f4bc136f, 2026-09-03",NOT VERIFIED - dataset carries no phone or email; confirm on the official website before calling
Tennessee Valley Travel Agency,Environmental Services,Chattanooga,TN,37403,317 High Street,tntravel.com,https://www.linkedin.com/company/tennessee-valley-travel-agency,1-10,500K-1M,1,,"Vibe Prospecting (Explorium) export ds-f4bc136f, 2026-09-03",NOT VERIFIED - dataset carries no phone or email; confirm on the official website before calling
TENNESSEE WASTE HAULERS LLC,"Water, Waste, Steam, And Air Conditioning Services",Chattanooga,TN,37416,,tennesseewastehaulers.com,https://www.linkedin.com/company/tennessee-waste-haulers-llc,1-10,1M-5M,2,"TENNESSEE WASTE HAULERS LLC is a company based out of P O BOX 16155, CHATTANOOGA, Tennessee, United States.","Vibe Prospecting (Explorium) export ds-f4bc136f, 2026-09-03",NOT VERIFIED - dataset carries no phone or email; confirm on the official website before calling
Terra Firma Chattanooga,Construction,Chattanooga,TN,37406,2611 Riverside Drive,tfsoils.com,https://www.linkedin.com/company/terra-firma-chattanooga,11-50,1M-5M,1,"Terra Firma Stabilization & Reclamation specializes in Full Depth Reclamation, Soil Stabilization and Soil Modification as well as solving all types of sub-grade issues.","Vibe Prospecting (Explorium) export ds-f4bc136f, 2026-09-03",NOT VERIFIED - dataset carries no phone or email; confirm on the official website before calling
The Chattanooga Building Co,Construction,Chattanooga,TN,37404,1612 East 14Th Street,chattbuild.com,https://www.linkedin.com/company/the-chattanooga-building-co,1-10,1M-5M,1,"Let The Chattanooga Building Co design the outdoor space of your dreams. Located in Chattanooga, TN, we specialize in fences, decks, patios, and outdoor home improvement needs.","Vibe Prospecting (Explorium) export ds-f4bc136f, 2026-09-03",NOT VERIFIED - dataset carries no phone or email; confirm on the official website before calling
The Grounds Guys Landscape Management,Facilities Services,Chattanooga,TN,37410,164 West 31St Street,groundsguys.com,https://www.linkedin.com/company/the-grounds-guys-landscape-management,11-50,1M-5M,1,"Want to find your local The Grounds Guys? Type in your city, county, state, or zip code! We will help you get in touch with landscaping and lawn care experts near you.","Vibe Prospecting (Explorium) export ds-f4bc136f, 2026-09-03",NOT VERIFIED - dataset carries no phone or email; confirm on the official website before calling
The Mail Box Store Chattanooga,Freight And Package Transportation,Chattanooga,TN,37421,7022 Shallowford Road Suite 1,themailboxstore.net,https://www.linkedin.com/company/tmbschattanooga,11-50,1M-5M,1,"The Mail Box Store provides expert packaging, shipping, mail receiving, faxing, notary, online access, packing & office supplies, as well as, numerous other services. We compete by adding personalized customer service to each transaction and offering alternatives in prices and shipping companies.","Vibe Prospecting (Explorium) export ds-f4bc136f, 2026-09-03",NOT VERIFIED - dataset carries no phone or email; confirm on the official website before calling
The McBurney Corporation,Construction,Chattanooga,TN,37406,2805 Riverside Drive,mcburney.com,https://www.linkedin.com/company/the-mcburney-corporation,51-200,10M-25M,1,"McBurney, established in 1911, has evolved into a full-service organization providing engineering, construction, and maintenance services to the industrial steam and power plant industries. Initially a manufacturer of coal stoker equipment, McBurney now specializes in innovative combustion solutions","Vibe Prospecting (Explorium) export ds-f4bc136f, 2026-09-03",NOT VERIFIED - dataset carries no phone or email; confirm on the official website before calling
The Trucking MBA,Truck Transportation,Chattanooga,TN,37407,100 Main Street,trucking.mba,https://www.linkedin.com/company/the-trucking-mba,11-50,1M-5M,1,"The Trucking MBA focuses on supporting, training and education for Owner Operators in the trucking industry.","Vibe Prospecting (Explorium) export ds-f4bc136f, 2026-09-03",NOT VERIFIED - dataset carries no phone or email; confirm on the official website before calling
Tim Payne Painting,Construction,Chattanooga,TN,37421,8633 East Brainerd Road,timpaynepainters.com,https://www.linkedin.com/company/tim-payne-painting,11-50,10M-25M,2,"Tim Payne Painting has been in business for over 30 years. We specialize in Commercial, Public Sector, and Residential painting which includes Interior and exterior painting, pressure washing, minor carpentry repairs, texture, epoxy and much more. No job is too small or too large. We are certified t","Vibe Prospecting (Explorium) export ds-f4bc136f, 2026-09-03",NOT VERIFIED - dataset carries no phone or email; confirm on the official website before calling
Timber Creek Construction,Construction,Chattanooga,TN,37415,2585 Avalon Circle,timbercrk.com,https://www.linkedin.com/company/timber-crk-construction,1-10,1M-5M,1,"Timber Creek Construction was born out of the desire to provide unmatched quality, integrity, and excellence through the construction experience. We know the kind of quality we require of a house that we personally live in and it is no different for the homes that we build. We believe in building ev","Vibe Prospecting (Explorium) export ds-f4bc136f, 2026-09-03",NOT VERIFIED - dataset carries no phone or email; confirm on the official website before calling
"Tipton Crane, LLC",Construction,Chattanooga,TN,37404,806 North Holtzclaw Avenue,tiptoncrane.com,https://www.linkedin.com/company/tipton-crane-llc,1-10,1M-5M,1,,"Vibe Prospecting (Explorium) export ds-f4bc136f, 2026-09-03",NOT VERIFIED - dataset carries no phone or email; confirm on the official website before calling
"TOP THIS CONSTRUCTION, LLC",Construction,Chattanooga,TN,37421,6109 East Brainerd Road,topthisonline.com,https://www.linkedin.com/company/top-this-construction-llc,11-50,5M-10M,1,,"Vibe Prospecting (Explorium) export ds-f4bc136f, 2026-09-03",NOT VERIFIED - dataset carries no phone or email; confirm on the official website before calling
Tower Construction Co,Construction,Chattanooga,TN,37404,2520 East 14Th Street,towerconstructionco.com,https://www.linkedin.com/company/tower-construction-co,11-50,10M-25M,2,,"Vibe Prospecting (Explorium) export ds-f4bc136f, 2026-09-03",NOT VERIFIED - dataset carries no phone or email; confirm on the official website before calling
Transcomp Compliance Services - Join the Network,Truck Transportation,Chattanooga,TN,37421,5901 Shallowford Road,transcompnetwork.com,https://www.linkedin.com/company/transcomp-permit-and-fuel-tax-services-llc,51-200,10M-25M,1,"Transcomp is locally owned and operated in the Chattanooga, TN area. We can help with your commercial permits, quarterly fuel tax filings, annual filings, and compliance. Let us file your registrations, permit renewals, quarterly fuel taxes, and other filings that are required. We also offer assista","Vibe Prospecting (Explorium) export ds-f4bc136f, 2026-09-03",NOT VERIFIED - dataset carries no phone or email; confirm on the official website before calling
"Tri-State Drilling, LLC",Environmental Services,Chattanooga,TN,37416,6228 Bonny Oaks Drive,tsdrilling.com,https://www.linkedin.com/company/tri-state-drilling,51-200,10M-25M,2,"Tri-State, a professional drilling contractor based in Chattanooga, TN, is a leader in providing drilling services in geotechnical, environmental, mineral exploration and water resources throughout the southeast.","Vibe Prospecting (Explorium) export ds-f4bc136f, 2026-09-03",NOT VERIFIED - dataset carries no phone or email; confirm on the official website before calling
TriState Enterprises,Construction,Chattanooga,TN,37408,1161 East Main Street,tristate-enterprises.com,https://www.linkedin.com/company/tristate-enterprises-inc,11-50,1M-5M,1,"Commercial Plumbing Contractor in Chattanooga, Tennessee. We proudly serve the surrounding area!","Vibe Prospecting (Explorium) export ds-f4bc136f, 2026-09-03",NOT VERIFIED - dataset carries no phone or email; confirm on the official website before calling
Truck N Trailer USA Inc,Truck Transportation,Chattanooga,TN,37415,4591 North Access Road,4tntusa.com,https://www.linkedin.com/company/truck-n-trailer-usa-inc,11-50,1M-5M,1,,"Vibe Prospecting (Explorium) export ds-f4bc136f, 2026-09-03",NOT VERIFIED - dataset carries no phone or email; confirm on the official website before calling
True-Line Coring & Cutting,Construction,Chattanooga,TN,37404,1903 South Highland Parks Avenue,theccg.us,https://www.linkedin.com/company/true-line-coring-&-cutting,11-50,10M-25M,2,"On the Mark. On the Money. On Time! Concrete Sawing, Drilling and Breaking The Coring and Cutting Group has been providing commercial, industrial, and residential concrete sawing and drilling services since 1979. Last year alone, we performed more than 500,000 man hours of concrete sawing and drilli","Vibe Prospecting (Explorium) export ds-f4bc136f, 2026-09-03",NOT VERIFIED - dataset carries no phone or email; confirm on the official website before calling
"Turn2Us Handyman Services, LLC",Construction,Chattanooga,TN,37415,507 Ashland Terrace,turn2ushandyman.com,https://www.linkedin.com/company/turn2us-handyman-services-llc,11-50,1M-5M,1,"Turn2Us Handyman Services, LLC is currently servicing Chattanooga, TN and surrounding areas, we use only qualified and experienced professionals to meet your handyman needs. Rest assured that when you Turn2Us we will take the necessary steps to exceed your expectations and get the job done right","Vibe Prospecting (Explorium) export ds-f4bc136f, 2026-09-03",NOT VERIFIED - dataset carries no phone or email; confirm on the official website before calling
Two Men and a Truck Chattanooga,Freight And Package Transportation,Chattanooga,TN,37421,5959 Shallowford Road,rogexperts.com,https://www.linkedin.com/company/two-men-and-a-truck-chattanooga,11-50,1M-5M,1,,"Vibe Prospecting (Explorium) export ds-f4bc136f, 2026-09-03",NOT VERIFIED - dataset carries no phone or email; confirm on the official website before calling
"U.S. Logistics Group, LLC",Truck Transportation,Chattanooga,TN,37405,100 Cherokee Boulevard Suite 216,bwytransportinc.com,https://www.linkedin.com/company/u-s-logistics-group-llc,11-50,1M-5M,1,"U.S. Logistics Group, LLC, is based in Chattanooga, TN. Our staff abounds with over 100 years of combined transportation experience. Our employees have the knowledge and long established customer relationships to offer a suitable, family friendly home to many Independent Contractors and fleet owners","Vibe Prospecting (Explorium) export ds-f4bc136f, 2026-09-03",NOT VERIFIED - dataset carries no phone or email; confirm on the official website before calling
Unity Of Chattanooga,Truck Transportation,Chattanooga,TN,37408,400 East Main Street,unityofchattanooga.org,https://www.linkedin.com/company/unity-of-chattanooga,1-10,500K-1M,3,,"Vibe Prospecting (Explorium) export ds-f4bc136f, 2026-09-03",NOT VERIFIED - dataset carries no phone or email; confirm on the official website before calling
Vanguard Cleaning Systems of Southeast Tennessee,Facilities Services,Chattanooga,TN,37402,200 Wml King Boulevard,vanguardcleaning.com,https://www.linkedin.com/company/vanguard-cleaning-systems-of-southeast-tennessee,1-10,500K-1M,1,"Vanguard Cleaning Systems of Southeast Tennessees is located in Chattanooga, TN, with janitorial franchise businesses that provide B2B cleaning and disinfecting services that are founded on the expertise and history of a nationwide franchise brand. Cleaning for a healthier work environment begins wi","Vibe Prospecting (Explorium) export ds-f4bc136f, 2026-09-03",NOT VERIFIED - dataset carries no phone or email; confirm on the official website before calling
Vega corporation of Tennessee,Construction,Chattanooga,TN,,,vega-corp.com,https://www.linkedin.com/company/vega-corporation-of-tennessee,1-10,1M-5M,2,"Vega Corporation of Tennessee operates as a full-service general contractor, construction manager, and facilities maintenance contractor. Specializing in project management and coordination, concrete services, and power generation work with a focus on safety, precision, and productivity. The company","Vibe Prospecting (Explorium) export ds-f4bc136f, 2026-09-03",NOT VERIFIED - dataset carries no phone or email; confirm on the official website before calling
Volunteer NDT Corp.,Construction,Chattanooga,TN,37415,6046 Dayton Boulevard,volndt.com,https://www.linkedin.com/company/volunteer-ndt-corp.,11-50,1M-5M,1,"Volunteer NDT provides scaffold erection, rentals, assembly, non-destructive testing, and inspection services.","Vibe Prospecting (Explorium) export ds-f4bc136f, 2026-09-03",NOT VERIFIED - dataset carries no phone or email; confirm on the official website before calling
W Rondon Construction LLC,Construction,Chattanooga,TN,37421,6074 East Brainerd Road,wrondon.com,https://www.linkedin.com/company/w-rondon-construction-llc,1-10,1M-5M,1,W Rondon Construction seeks innovation and possesses a passion for building and making your dreams come true.,"Vibe Prospecting (Explorium) export ds-f4bc136f, 2026-09-03",NOT VERIFIED - dataset carries no phone or email; confirm on the official website before calling
Wagner Truck & Trailer Rentals Inc,Truck Transportation,Chattanooga,TN,37410,200 East 28Th Street,allaboutstorage.com,https://www.linkedin.com/company/wagner-truck-&-trailer-rentals-inc,1-10,1M-5M,1,"Wagner Truck & Trailer Rentals Inc is a real estate company based out of 200 E 28TH ST, Chattanooga, Tennessee, United States.","Vibe Prospecting (Explorium) export ds-f4bc136f, 2026-09-03",NOT VERIFIED - dataset carries no phone or email; confirm on the official website before calling
Walden Log Homes,Construction,Chattanooga,TN,37409,4015 Tennessee Avenue,waldenloghomes.com,https://www.linkedin.com/company/walden-log-homes,1-10,1M-5M,1,"Walden Log Homes is a construction company based out of 4015 Tennessee Ave, Chattanooga, Tennessee, United States.","Vibe Prospecting (Explorium) export ds-f4bc136f, 2026-09-03",NOT VERIFIED - dataset carries no phone or email; confirm on the official website before calling
Walden Ridge,Construction,Chattanooga,TN,37402,1100 Market Street,waldenridgeco.com,https://www.linkedin.com/company/walden-ridge,1-10,1M-5M,1,"Walden Ridge is a hospitality design and construction firm based in Chattanooga, Tennessee. The firm was founded in 2009 by Nathan Moore and has completed sixty-plus branded hotel renovations and six ground-up developments across Hilton, Marriott, Hyatt, IHG, Wyndham, La Quinta, and Extended Stay.","Vibe Prospecting (Explorium) export ds-f4bc136f, 2026-09-03",NOT VERIFIED - dataset carries no phone or email; confirm on the official website before calling
"Walden Windows, LLC",Wholesale Building Materials,Chattanooga,TN,37408,400 East Main Street,waldenwindows.com,https://www.linkedin.com/company/walden-windows-llc,11-50,5M-10M,1,,"Vibe Prospecting (Explorium) export ds-f4bc136f, 2026-09-03",NOT VERIFIED - dataset carries no phone or email; confirm on the official website before calling
Walker County Commissioners,Construction,Chattanooga,TN,37421,4119 Cromwell Road,walkerga.us,https://www.linkedin.com/company/walker-county-commissioners,1-10,1M-5M,2,,"Vibe Prospecting (Explorium) export ds-f4bc136f, 2026-09-03",NOT VERIFIED - dataset carries no phone or email; confirm on the official website before calling
Weeks Paving Inc,Construction,Chattanooga,TN,37409,,weekspaving.com,https://www.linkedin.com/company/weeks-paving-inc,1-10,1M-5M,1,"Weeks Paving Inc. is a licensed contractor, fully insured and a member of the Association of General Contractors. With over 150 combined years of experience, we pride ourselves on our work and the fact that quality does not have to be expensive.","Vibe Prospecting (Explorium) export ds-f4bc136f, 2026-09-03",NOT VERIFIED - dataset carries no phone or email; confirm on the official website before calling
Wilson Waste Management,Truck Transportation,Chattanooga,TN,37408,3333 Saint Elmo Avenue,veleztrucking.com,https://www.linkedin.com/company/wilson-waste-management,11-50,1M-5M,1,"Velez Trucking Service provides around-the-clock support for clients. They offer delivery services to clients. They offer loading and unloading, for instance, of motor vehicles and oversized machinery.","Vibe Prospecting (Explorium) export ds-f4bc136f, 2026-09-03",NOT VERIFIED - dataset carries no phone or email; confirm on the official website before calling
Window Works & Exteriors of Chattanooga Window Works of Chattanooga,Construction,Chattanooga,TN,37421,9002 East Brainerd Road,windowworksofchattanooga.com,https://www.linkedin.com/company/window-works-&-exteriors-of-chattanooga-window-works-of-chattanooga,1-10,1M-5M,1,"Window Works & Exteriors of Chattanooga Window Works of Chattanooga is a company based out of CHATTANOOGA, TENNESSEE, United States.","Vibe Prospecting (Explorium) export ds-f4bc136f, 2026-09-03",NOT VERIFIED - dataset carries no phone or email; confirm on the official website before calling
Window World Of Chattanooga,Construction,Chattanooga,TN,37416,3740 Powers Court 300,windowworldchattanooga.com,https://www.linkedin.com/company/window-world-of-chattanooga,1-10,1M-5M,1,,"Vibe Prospecting (Explorium) export ds-f4bc136f, 2026-09-03",NOT VERIFIED - dataset carries no phone or email; confirm on the official website before calling
"WOLFTEVER DEVELOPMENT, LLC",Construction,Chattanooga,TN,37421,115 Cedar Lane,wolftever.net,https://www.linkedin.com/company/wolftever-development-llc,11-50,5M-10M,1,,"Vibe Prospecting (Explorium) export ds-f4bc136f, 2026-09-03",NOT VERIFIED - dataset carries no phone or email; confirm on the official website before calling
Wysong Tree Service Chattanooga,Facilities Services,Chattanooga,TN,37421,1302 Springview Drive,treeservicechattanoogatn.com,https://www.linkedin.com/company/wysong-tree-service-chattanooga,11-50,1M-5M,1,"Wysong Tree Service in Chattanooga TN is an accredited tree removal business. We provide tree removal, tree cutting and tree trimming services to meet your personal needs. Whether it is for your home of office, Wysong Tree Service of Chattanooga TN is here to help. Call us at (423) 227-2533","Vibe Prospecting (Explorium) export ds-f4bc136f, 2026-09-03",NOT VERIFIED - dataset carries no phone or email; confirm on the official website before calling
"YERBEY CONCRETE CONSTRUCTION, INC.",Construction,Chattanooga,TN,37408,1928 Central Avenue,yerbey.com,https://www.linkedin.com/company/yerbey-concrete-construction-inc.,11-50,1M-5M,1,"Yerbey Concrete provides commercial concrete construction services with a focus on concrete pouring and finishing. The company works on foundations, poured walls, slabs on grade, concrete paving, sidewalks, curbs and gutters, pervious concrete and similar structures. It offers design-build services,","Vibe Prospecting (Explorium) export ds-f4bc136f, 2026-09-03",NOT VERIFIED - dataset carries no phone or email; confirm on the official website before calling
YOUNG ELECTRIC COMPANY,Construction,Chattanooga,TN,37407,3907 Dodds Avenue,youngelectric.net,https://www.linkedin.com/company/young-electric-company,1-10,1M-5M,1,,"Vibe Prospecting (Explorium) export ds-f4bc136f, 2026-09-03",NOT VERIFIED - dataset carries no phone or email; confirm on the official website before calling
Zenbuild.com,Wholesale Building Materials,Chattanooga,TN,37404,1645 South Holtzclaw Avenue,zenbuild.com,https://www.linkedin.com/company/brickhunter-usa-llc,11-50,10M-25M,1,Zenbuild.com the first and only E-Commerce marketplace for brick. Save time | Save money | Delivered to your project,"Vibe Prospecting (Explorium) export ds-f4bc136f, 2026-09-03",NOT VERIFIED - dataset carries no phone or email; confirm on the official website before calling
Milco National Constructors,Construction,Collegedale,TN,37363,9384 Jac Cate Road,milconational.com,https://www.linkedin.com/company/milco-national-constructors-inc.,51-200,10M-25M,2,"Since 1978, Milco National Constructors has executed a diverse portfolio of tank and vessel projects for the heavy industrial market. We design and build high-quality field erected tanks and vessels safely, on time, and within budget- no matter the complexity.","Vibe Prospecting (Explorium) export ds-f4bc136f, 2026-09-03",NOT VERIFIED - dataset carries no phone or email; confirm on the official website before calling
AAA Window Mfg,Construction,East Ridge,TN,37412,1232B Greenslake Road,windowschattanooga.com,https://www.linkedin.com/company/aaa-window-mfg,11-50,5M-10M,1,"AAA Windows is a window manufacturing company based in Chattanooga, Tennessee, serving the Chattanooga and Northwest Georgia areas for over 20 years. Owned and operated by brothers Rick and Jeff Adkins, AAA Windows specializes in constructing custom windows and screens for residential and commercial","Vibe Prospecting (Explorium) export ds-f4bc136f, 2026-09-03",NOT VERIFIED - dataset carries no phone or email; confirm on the official website before calling
American Wholesale Supply,Wholesale Building Materials,East Ridge,TN,37412,5319 Ringgold Road,americanwholesale.com,https://www.linkedin.com/company/american-wholesale-supply,1-10,1M-5M,1,,"Vibe Prospecting (Explorium) export ds-f4bc136f, 2026-09-03",NOT VERIFIED - dataset carries no phone or email; confirm on the official website before calling
Scenic City Services,Facilities Services,East Ridge,TN,37412,4143 Ringgold Road,sceniccityservices.com,https://www.linkedin.com/company/scenic-city-services,11-50,1M-5M,1,,"Vibe Prospecting (Explorium) export ds-f4bc136f, 2026-09-03",NOT VERIFIED - dataset carries no phone or email; confirm on the official website before calling
TENNESSEE VALLEY FOREST PRODUCTS LLC,Environmental Services,East Ridge,TN,37412,6748 Jordan Run Road,tnvfp.com,https://www.linkedin.com/company/tennessee-valley-forest-products-llc,11-50,1M-5M,1,,"Vibe Prospecting (Explorium) export ds-f4bc136f, 2026-09-03",NOT VERIFIED - dataset carries no phone or email; confirm on the official website before calling
Chattanooga Land Design,Construction,Ooltewah,TN,37363,5419 Woodbridge Drive,chattanoogalanddesign.com,https://www.linkedin.com/company/chattanooga-land-design,1-10,1M-5M,2,"Chattanooga Land Design is a full service design/build firm specializing in custom landscaping and outdoor structures. With over 20 years of experience, and being an expert in the Chattanooga, TN landscaping market, we understand that your landscape is ever changing and strive to create amazing desi","Vibe Prospecting (Explorium) export ds-f4bc136f, 2026-09-03",NOT VERIFIED - dataset carries no phone or email; confirm on the official website before calling
Dos Santos Enterprise,Truck Transportation,Ooltewah,TN,37363,8501 Providence Road,dossantosenterprise.com,https://www.linkedin.com/company/dos-santos-enterprise,11-50,1M-5M,1,,"Vibe Prospecting (Explorium) export ds-f4bc136f, 2026-09-03",NOT VERIFIED - dataset carries no phone or email; confirm on the official website before calling
GrimeBusters Power Washing,Facilities Services,Ooltewah,TN,37363,,grimebusterstn.com,https://www.linkedin.com/company/grimebusters-power-washing,1-10,500K-1M,1,"GrimeBusters Power Washing specializes in exterior building cleaning, roof cleaning, concrete cleaning, brick cleaning and other power washing services. We also offer RV washes, window washing, and much more!","Vibe Prospecting (Explorium) export ds-f4bc136f, 2026-09-03",NOT VERIFIED - dataset carries no phone or email; confirm on the official website before calling
Magic Pipe LLC,Construction,Ooltewah,TN,37363,,magicpipellc.com,https://www.linkedin.com/company/magic-pipe-llc,1-10,1M-5M,1,,"Vibe Prospecting (Explorium) export ds-f4bc136f, 2026-09-03",NOT VERIFIED - dataset carries no phone or email; confirm on the official website before calling
Moore’s Roofing Repair,Construction,Ooltewah,TN,37363,6431 Ooltewah Georgetown Road,mooresroofingrepair.com,https://www.linkedin.com/company/moore’s-roofing-repair,11-50,1M-5M,1,,"Vibe Prospecting (Explorium) export ds-f4bc136f, 2026-09-03",NOT VERIFIED - dataset carries no phone or email; confirm on the official website before calling
Pro-Seal & Paving,Construction,Ooltewah,TN,37363,7909 Old Lee Highway,pro-sealasphalt.net,https://www.linkedin.com/company/pro-seal-paving,11-50,10M-25M,2,"Pro Seal Paving is a Construction company located in DRAWER 11, Hallstead, Pennsylvania, United States.","Vibe Prospecting (Explorium) export ds-f4bc136f, 2026-09-03",NOT VERIFIED - dataset carries no phone or email; confirm on the official website before calling
SERVPRO of Chattanooga,Facilities Services,Ooltewah,TN,37363,9028 Jetrail Drive,servprochattanooga.com,https://www.linkedin.com/company/servpro-of-east-chattanooga,11-50,1M-5M,1,"SERVPRO of Chattanooga understands the stress and worry that comes with a fire or water damage and the disruption it causes your life and home or business. Our goal is to help minimize the interruption to your life and quickly make it ""Like it never even happened."" SERVPRO of East Chattanooga specia","Vibe Prospecting (Explorium) export ds-f4bc136f, 2026-09-03",NOT VERIFIED - dataset carries no phone or email; confirm on the official website before calling
SERVPRO Team Cuthbertson,Facilities Services,Ooltewah,TN,37363,9028 Jetrail Drive,servpro.com,https://www.linkedin.com/company/servpro-team-cuthbertson,51-200,10M-25M,3,"Team Cuthbertson provides cleaning, restoration, and construction services in Tennessee and Florida. We offer 24 hour residential and commercial services such as water damages, fire response, and bio-hazard clean up, and more. As a locally owned and operated business, we are dedicated to helping you","Vibe Prospecting (Explorium) export ds-f4bc136f, 2026-09-03",NOT VERIFIED - dataset carries no phone or email; confirm on the official website before calling
"TALCO INDUSTRIAL CHEMICALS, INC.",Janitorial Services,Ooltewah,TN,37363,5906 Main Street,talcoindustrialchemicals.com,https://www.linkedin.com/company/talco-industrial-chemicals-inc.,11-50,5M-10M,1,,"Vibe Prospecting (Explorium) export ds-f4bc136f, 2026-09-03",NOT VERIFIED - dataset carries no phone or email; confirm on the official website before calling
THE RESTORATION INSTITUTE,Facilities Services,Ooltewah,TN,37363,9028 Jetrail Drive,restoration-institute.com,https://www.linkedin.com/company/the-restoration-institute-tn,1-10,500K-1M,1,"We offer IICRC courses in Carpet Cleaning, Fire and Smoke Damage, Biohazard Cleanup, Upholstery and Fabric Cleaning, and Water Damage Restoration. We also offer a range of Management Training courses. Our IICRC certification courses are open to all restoration service providers and are available for","Vibe Prospecting (Explorium) export ds-f4bc136f, 2026-09-03",NOT VERIFIED - dataset carries no phone or email; confirm on the official website before calling
Walls Come Alive,Construction,Ooltewah,TN,,East Brainerd Road,gmail.com,https://www.linkedin.com/company/walls-come-alive,1-10,1M-5M,2,Walls Come Alive is a WIA Wallcovering Installer in the Chattanooga and surrounding areas.,"Vibe Prospecting (Explorium) export ds-f4bc136f, 2026-09-03",NOT VERIFIED - dataset carries no phone or email; confirm on the official website before calling
WCM Roofing Construction & Restoration,Construction,Ooltewah,TN,37363,9432 Bradmore Lane,wcmroofing.com,https://www.linkedin.com/company/wcm-roofing-construction-restoration,11-50,10M-25M,2,"At WCM Roofing, we believe a roof is more than just shingles and structure...its protection for what matters most. Whether safeguarding your home, securing your business, or supporting critical government facilities, our mission is simple: deliver uncompromising quality, lasting results, and peace o","Vibe Prospecting (Explorium) export ds-f4bc136f, 2026-09-03",NOT VERIFIED - dataset carries no phone or email; confirm on the official website before calling
Whitener Paving & Construction,Construction,Ooltewah,TN,37363,6804 Ooltewah Georgetown Road,whitenerconstructiontn.com,https://www.linkedin.com/company/whitener-paving-&-construction,11-50,5M-10M,1,,"Vibe Prospecting (Explorium) export ds-f4bc136f, 2026-09-03",NOT VERIFIED - dataset carries no phone or email; confirm on the official website before calling
FLEET RESERVE ASSOCIATION BRANCH 238,Truck Transportation,Signal Mountain,TN,37377,901 Kentucky Avenue,frabranch5.org,https://www.linkedin.com/company/fleet-reserve-association-branch-238,11-50,1M-5M,1,,"Vibe Prospecting (Explorium) export ds-f4bc136f, 2026-09-03",NOT VERIFIED - dataset carries no phone or email; confirm on the official website before calling
Lit Systems,Construction,Signal Mountain,TN,37377,1807 Taft Highway,litsystems.com,https://www.linkedin.com/company/lit-systems,1-10,1M-5M,1,,"Vibe Prospecting (Explorium) export ds-f4bc136f, 2026-09-03",NOT VERIFIED - dataset carries no phone or email; confirm on the official website before calling
Polaris Travel,Construction,Signal Mountain,TN,37377,1210 Taft Highway Suite G,yelp.com,https://www.linkedin.com/company/polaris-travel,1-10,1M-5M,1,,"Vibe Prospecting (Explorium) export ds-f4bc136f, 2026-09-03",NOT VERIFIED - dataset carries no phone or email; confirm on the official website before calling
Video Park,Facilities Services,Signal Mountain,TN,37377,1210 Taft Highway Number D,videopark.com,https://www.linkedin.com/company/video-park,1-10,500K-1M,1,,"Vibe Prospecting (Explorium) export ds-f4bc136f, 2026-09-03",NOT VERIFIED - dataset carries no phone or email; confirm on the official website before calling
WALDENS RIDGE UTILITY DISTRICT OF HAMILTON COUNTY INC,"Water, Waste, Steam, And Air Conditioning Services",Signal Mountain,TN,37377,3900 Taft Highway,wrud.org,https://www.linkedin.com/company/waldens-ridge-utility-district-of-hamilton-county-inc,1-10,1M-5M,1,,"Vibe Prospecting (Explorium) export ds-f4bc136f, 2026-09-03",NOT VERIFIED - dataset carries no phone or email; confirm on the official website before calling
Affinity Environmental Group,Environmental Services,Soddy Daisy,TN,37379,9916 Walden Street,affinityenvironmental.com,https://www.linkedin.com/company/affinity-environmental-group,1-10,500K-1M,1,Affinity Environmental Group is an environmental services company based out of United States.,"Vibe Prospecting (Explorium) export ds-f4bc136f, 2026-09-03",NOT VERIFIED - dataset carries no phone or email; confirm on the official website before calling
Complete Backflow Services,"Water, Waste, Steam, And Air Conditioning Services",Soddy Daisy,TN,37379,1779 Ritz Way,completebackflowservices.com,https://www.linkedin.com/company/complete-backflow-services,1-10,1M-5M,1,,"Vibe Prospecting (Explorium) export ds-f4bc136f, 2026-09-03",NOT VERIFIED - dataset carries no phone or email; confirm on the official website before calling
Construction More,Construction,Soddy Daisy,TN,37379,1533 North Winer Drive,more-than-construction.com,https://www.linkedin.com/company/construction-more,11-50,10M-25M,2,"Construction More is a construction company based out of 1533 N Winer Dr, Soddy Daisy, Tennessee, United States.","Vibe Prospecting (Explorium) export ds-f4bc136f, 2026-09-03",NOT VERIFIED - dataset carries no phone or email; confirm on the official website before calling
Cross Cabinets,Construction,Soddy Daisy,TN,37379,11279 Wall Street,crosscabinets.com,https://www.linkedin.com/company/cross-cabinets,1-10,1M-5M,1,Cross Cabinets specializes in building and remodeling cabinets for residential properties.,"Vibe Prospecting (Explorium) export ds-f4bc136f, 2026-09-03",NOT VERIFIED - dataset carries no phone or email; confirm on the official website before calling
Everest Plumbing,Construction,Soddy Daisy,TN,37379,2328 Holly Hill Road,everestplumbing.ca,https://www.linkedin.com/company/everest-plumbing,1-10,1M-5M,1,,"Vibe Prospecting (Explorium) export ds-f4bc136f, 2026-09-03",NOT VERIFIED - dataset carries no phone or email; confirm on the official website before calling
George Wright Construction,Construction,Soddy Daisy,TN,37379,136 Bean Street,georgewrightconstruction.com,https://www.linkedin.com/company/george-wright-construction,1-10,1M-5M,1,,"Vibe Prospecting (Explorium) export ds-f4bc136f, 2026-09-03",NOT VERIFIED - dataset carries no phone or email; confirm on the official website before calling
Hines Designs Landscaping,Facilities Services,Soddy Daisy,TN,37379,146 Pottery Lane,hineslandscapes.com,https://www.linkedin.com/company/hines-designs-landscaping,1-10,500K-1M,1,"Hines Designs Landscaping can help you with landscape design, construction and its future maintenance. To learn more, just call us today at (423) 314-2982.","Vibe Prospecting (Explorium) export ds-f4bc136f, 2026-09-03",NOT VERIFIED - dataset carries no phone or email; confirm on the official website before calling
Hughes Carpentry,Construction,Soddy Daisy,TN,37379,286 Montlake Road,hughescarpentry.com,https://www.linkedin.com/company/hughes-carpentry,11-50,1M-5M,1,"Hughes Carpentry is a carpenter and cabinet contractor serving Zion, Libertyville, Lake Forest, Highland Park, Lake Zurich, Lincolnwood and more.","Vibe Prospecting (Explorium) export ds-f4bc136f, 2026-09-03",NOT VERIFIED - dataset carries no phone or email; confirm on the official website before calling
Koala Insulation of Chattanooga,Wholesale Building Materials,Soddy Daisy,TN,37379,8494 Gulf View Drive,koalainsulation.com,https://www.linkedin.com/company/koala-insulation-of-chattanooga,1-10,1M-5M,1,"Delivering Efficiency, Improving Comfort. Not having enough insulation in your attic can cost you a fortune! It is our goal to improve the comfort of your home or business and lower your heating and cooling costs in a way that is as effortless to you as possible. Our crews are respectful and clean, ","Vibe Prospecting (Explorium) export ds-f4bc136f, 2026-09-03",NOT VERIFIED - dataset carries no phone or email; confirm on the official website before calling
Sequoyah Nuclear Plant,Construction,Soddy Daisy,TN,37379,Sequoyah Access Road,tva.gov,https://www.linkedin.com/company/sequoyah-nuclear-plant,11-50,1M-5M,1,,"Vibe Prospecting (Explorium) export ds-f4bc136f, 2026-09-03",NOT VERIFIED - dataset carries no phone or email; confirm on the official website before calling
US Rope Access Llc dba Top Glass,Facilities Services,Soddy Daisy,TN,37379,8418 Gulf View Drive Suite B,usropeaccess.com,https://www.linkedin.com/company/usropeaccess,1-10,500K-1M,1,"US Rope Access Llc dba Top Glass provides simplified access solutions for previously non-accessible or difficult to reach areas. Offering building maintenance inclusive of pressure washing, painting, window cleaning, and weatherproofing, to inspection and consulting. US Rope Access (USRA) utilizes t","Vibe Prospecting (Explorium) export ds-f4bc136f, 2026-09-03",NOT VERIFIED - dataset carries no phone or email; confirm on the official website before calling
